resid,segid,rmsf
2,P3,0.9587219199317555
2,P3,0.9913489689095742
2,P3,1.1973623930623907
2,P3,1.197199430470431
2,P3,1.0656835353105516
2,P3,1.1242825363340399
2,P3,1.2038938821319425
2,P3,1.2118678108169538
2,P3,1.2416732348548394
2,P3,1.4001066734960734
2,P3,1.541004554014815
2,P3,1.582797082375082
2,P3,1.9307085248099407
2,P3,1.9254369545600338
2,P3,1.9828543999673558
2,P3,1.2603375514027697
2,P3,1.2784570818441865
2,P3,1.4863796929986164
2,P3,1.6588468140069121
2,P3,1.3092739971003877
2,P3,1.425989518950548
2,P3,1.4857632185387548
2,P3,1.4202328409162739
2,P3,1.7923694026915524
2,P3,1.8403756947108532
2,P3,1.9129542108062862
2,P3,2.1960321820753115
3,P3,1.7614968462245617
3,P3,2.025554741662985
3,P3,2.4435557268248886
3,P3,2.671797931940675
3,P3,1.9557422574869532
3,P3,1.9719965349082393
3,P3,1.9630627272251595
3,P3,2.251339438411487
3,P3,2.4852694860980553
3,P3,2.5837605723878494
3,P3,2.72799523483083
3,P3,3.153134853654643
3,P3,3.486658296086373
3,P3,3.489154733015526
3,P3,3.4595054003709134
3,P3,2.343057852131313
3,P3,2.6230054550667754
3,P3,2.582439095164306
3,P3,2.819375285344769
3,P3,2.484795627069443
3,P3,2.467770581849487
3,P3,3.011162902381118
3,P3,2.913066259008217
3,P3,3.2235408765382743
3,P3,3.269451154253046
3,P3,3.3198008091285383
3,P3,3.581987813047663
4,P3,3.302243553334373
4,P3,3.379983463339895
4,P3,3.8560066333086023
4,P3,3.9309658166055925
4,P3,3.379403240461058
4,P3,3.897500721486822
4,P3,4.097208528886981
4,P3,4.1712321432320225
4,P3,4.337435929450617
4,P3,4.310189962672699
4,P3,4.400945767121295
4,P3,4.907095365093283
4,P3,4.2834136027029
4,P3,4.427952366286621
4,P3,4.799888729659715
4,P3,5.0634349201678805
4,P3,4.177191841813035
4,P3,4.041173067062483
4,P3,4.6112313760369465
4,P3,4.430372468344545
5,P3,4.949410516931736
5,P3,4.894486369390746
5,P3,5.723917456786101
5,P3,5.397498893943218
5,P3,5.4651045383727235
5,P3,5.389998447117146
5,P3,5.167603343745941
5,P3,6.056001003356044
5,P3,6.268444433226513
5,P3,5.708881331321356
5,P3,5.369081597286451
5,P3,6.321228129010273
5,P3,6.578250410800332
5,P3,6.082822811261033
5,P3,6.549804299312027
5,P3,6.482101005908975
5,P3,6.796564315655953
5,P3,6.354706209519596
5,P3,6.7493729550306165
5,P3,6.56519723414487
5,P3,6.598427607603198
5,P3,6.684304515699742
6,P3,5.395525690110912
6,P3,5.455765193992079
6,P3,5.7286338683123725
6,P3,5.350212985716198
6,P3,5.519216819214692
6,P3,6.039960446901239
6,P3,6.05306847844792
6,P3,6.644672586201572
6,P3,6.908079379780192
6,P3,6.277217101008179
6,P3,5.987837949102163
6,P3,6.961315715687332
6,P3,7.201947347704159
6,P3,6.391171349168905
6,P3,6.833034409354985
6,P3,6.807395752852138
6,P3,7.130324568036287
6,P3,6.031649881887834
6,P3,6.409752311958902
6,P3,6.254229481095543
6,P3,5.957231196519296
6,P3,6.016058028699867
