time,rmsd
0.0,9.960803e-07
0.1,2.1446223
0.2,1.7025716
0.3,1.6020285
0.4,1.4883256
0.5,1.5214765
0.6,1.4724711
0.7,1.6756421
0.8,1.2628444
0.9,1.6787668
1.0,1.7062668
1.1,1.4259163
1.2,1.4223022
1.3,1.0574148
1.4,1.3814815
1.5,1.0181851
1.6,1.2599432
1.7,1.144731
1.8,1.4259728
1.9,1.2444736
2.0,1.4822347
2.1,1.3555223
2.2,1.7237498
2.3,1.8008034
2.4,1.2771679
2.5,1.3099425
2.6,1.560153
2.7,1.6544997
2.8,1.474451
2.9,1.2091274
3.0,1.4054697
3.1,1.6930822
3.2,1.5835071
3.3,1.2893353
3.4,1.4837263
3.5,1.274425
3.6,1.239008
3.7,1.3114437
3.8,1.1495517
3.9,1.4946687
4.0,1.5424315
4.1,1.2720058
4.2,1.2328548
4.3,1.4072086
4.4,1.4570721
4.5,1.3278542
4.6,1.3793099
4.7,1.3930854
4.8,1.3277487
4.9,1.3617996
5.0,1.2557417
5.1,1.1524473
5.2,1.8636957
5.3,1.509533
5.4,0.9713228
5.5,1.3502973
5.6,1.149359
5.7,1.2081766
5.8,1.2268648
5.9,1.4475659
6.0,1.5215842
6.1,1.3135729
6.2,1.0681473
6.3,1.1639564
6.4,1.378242
6.5,1.5307558
6.6,1.2799013
6.7,1.4948298
6.8,1.7867073
6.9,1.7918078
7.0,1.6741349
7.1,1.5489188
7.2,1.5746557
7.3,1.4243749
7.4,1.1123093
7.5,1.1130903
7.6,1.7381502
7.7,1.2674394
7.8,1.432644
7.9,1.4200029
8.0,1.2687705
8.1,1.3977522
8.2,1.4323722
8.3,1.1705259
8.4,1.4440849
8.5,1.3858166
8.6,1.3815285
8.7,1.091456
8.8,1.1263733
8.9,1.1448914
9.0,1.1876521
9.1,1.4643316
9.2,1.1774985
9.3,1.4667312
9.4,1.3539674
9.5,1.2157784
9.6,1.4909003
9.7,1.5507247
9.8,1.5903208
9.9,1.3224331
10.0,1.2835845
10.1,1.365205
10.2,1.6285996
10.3,1.1944249
10.4,1.5017042
10.5,1.4656768
10.6,1.3761572
10.7,1.9132183
10.8,1.5681659
10.9,2.3519294
11.0,2.0673528
11.1,2.1290276
11.2,1.6694485
11.3,1.5085124
11.4,1.4596964
11.5,1.7746476
11.6,1.8514739
11.7,1.5323223
11.8,1.9979305
11.9,1.732341
12.0,1.4967546
12.1,2.034831
12.2,1.679989
12.3,1.6436235
12.4,1.4081167
12.5,1.8116801
12.6,1.88304
12.7,1.8633155
12.8,1.9671433
12.9,2.0271862
13.0,1.4294966
13.1,2.013026
13.2,1.687042
13.3,1.6725477
13.4,1.6577094
13.5,1.0533848
13.6,1.1912402
13.7,1.1837628
13.8,1.3027246
13.9,1.0889963
14.0,1.3134081
14.1,1.0051004
14.2,1.081172
14.3,1.2169708
14.4,1.3419365
14.5,1.2374299
14.6,1.2883544
14.7,1.323036
14.8,1.4680197
14.9,1.8309387
15.0,1.6110395
15.1,1.2735192
15.2,1.3728074
15.3,1.8538519
15.4,1.5800594
15.5,1.4599448
15.6,1.7680483
15.7,1.7965069
15.8,1.3369726
15.9,0.9621698
16.0,1.4885533
16.1,1.5490018
16.2,1.2817936
16.3,1.2292031
16.4,1.6314487
16.5,1.8903902
16.6,1.6688933
16.7,1.4883556
16.8,1.858582
16.9,1.3371532
17.0,1.3932769
17.1,1.3645259
17.2,1.4854796
17.3,1.7393079
17.4,1.3759551
17.5,1.5559317
17.6,1.5762614
17.7,1.7660506
17.8,1.3689204
17.9,1.5056456
18.0,1.6177601
18.1,1.6439985
18.2,1.095378
18.3,1.2741746
18.4,1.4383945
18.5,1.6569883
18.6,1.0414729
18.7,1.6018898
18.8,1.1119661
18.9,1.0537149
19.0,1.3071636
19.1,1.3768364
19.2,1.1913007
19.3,1.1991218
19.4,1.2783884
19.5,1.1841289
19.6,1.1659467
19.7,0.9163435
19.8,1.5116322
19.9,1.3116137
20.0,1.2743351
20.1,1.176579
20.2,1.3448685
20.3,1.2744734
20.4,1.2585775
20.5,1.296809
20.6,1.5141912
20.7,1.1935356
20.8,1.2709801
20.9,1.2774525
21.0,1.5913942
21.1,1.1531007
21.2,1.4914428
21.3,1.5554402
21.4,1.9445254
21.5,1.3221918
21.6,1.5429757
21.7,1.6502087
21.8,1.3857521
21.9,1.7379558
22.0,1.4746553
22.1,1.837959
22.2,1.6199654
22.3,1.2574439
22.4,1.2549317
22.5,1.1301193
22.6,0.9750824
22.7,1.6323178
22.8,1.2916658
22.9,1.623497
23.0,1.426349
23.1,1.3093195
23.2,1.1601562
23.3,0.9679177
23.4,1.168416
23.5,1.2593032
23.6,1.2788393
23.7,1.0314003
23.8,1.3122448
23.9,1.8118598
24.0,1.8465474
24.1,1.2604215
24.2,1.6625748
24.3,1.4385061
24.4,1.1129224
24.5,1.1378542
24.6,1.3540171
24.7,1.9598919
24.8,1.7953353
24.9,1.5452523
25.0,1.4454142
25.1,1.0680463
25.2,1.6395702
25.3,1.6153488
25.4,1.4696401
25.5,1.4681351
25.6,1.2194977
25.7,1.4337704
25.8,1.5257541
25.9,1.1842641
26.0,1.2354505
26.1,1.7144935
26.2,1.5366638
26.3,1.4493176
26.4,1.307183
26.5,1.458971
26.6,1.0664282
26.7,1.1859939
26.8,1.1816313
26.9,0.9094002
27.0,1.2351966
27.1,1.1197368
27.2,1.090532
27.3,1.4375935
27.4,0.7841305
27.5,1.1175727
27.6,1.2394893
27.7,1.2482102
27.8,1.293393
27.9,1.3710341
28.0,1.785615
28.1,1.6762769
28.2,1.7361404
28.3,1.1272849
28.4,1.4881549
28.5,1.262451
28.6,1.5467846
28.7,1.3417087
28.8,1.9045557
28.9,1.2668377
29.0,1.4638071
29.1,1.0363353
29.2,1.2656921
29.3,1.2788713
29.4,1.6851205
29.5,1.1560827
29.6,1.8332046
29.7,1.4683056
29.8,1.3973762
29.9,1.8528636
30.0,1.4690479
30.1,1.570214
30.2,1.1272181
30.3,1.6084859
30.4,1.2612317
30.5,1.0256423
30.6,1.0770196
30.7,1.3084226
30.8,1.1089909
30.9,1.1317378
31.0,1.362137
31.1,1.3802685
31.2,1.3962419
31.3,1.0639304
31.4,1.0017014
31.5,1.1743739
31.6,1.2297285
31.7,1.0737365
31.8,0.7981613
31.9,0.9541826
32.0,1.2157813
32.1,1.0960001
32.2,1.4286029
32.3,1.6392472
32.4,1.5930983
32.5,0.860334
32.6,1.8423303
32.7,1.1163801
32.8,1.4462465
32.9,1.2451466
33.0,1.4293209
33.1,1.0232897
33.2,1.0615951
33.3,1.1700536
33.4,1.0627383
33.5,1.6852249
33.6,1.0770446
33.7,1.025336
33.8,1.6578885
33.9,1.3262235
34.0,1.5786241
34.1,0.9479828
34.2,1.4342631
34.3,1.1226124
34.4,1.1831927
34.5,1.2674375
34.6,1.5161129
34.7,1.1237444
34.8,0.89933795
34.9,1.042092
35.0,1.4055282
35.1,1.2522862
35.2,0.9543296
35.3,1.0744976
35.4,1.1139313
35.5,1.3199167
35.6,0.8909339
35.7,1.1883295
35.8,0.9731639
35.9,1.3063011
36.0,1.5595217
36.1,1.2361302
36.2,1.1759043
36.3,1.5576761
36.4,1.132818
36.5,1.3819884
36.6,1.5033209
36.7,1.2548187
36.8,1.2076226
36.9,1.5935794
37.0,1.1886643
37.1,1.4347582
37.2,1.5821439
37.3,1.1077758
37.4,1.2059646
37.5,1.195626
37.6,1.0025866
37.7,1.1572763
37.8,1.4506608
37.9,1.2437803
38.0,1.232109
38.1,1.2351123
38.2,1.0945956
38.3,1.5046554
38.4,1.8980207
38.5,0.99788815
38.6,1.2377872
38.7,1.4734409
38.8,0.9789284
38.9,1.0394547
39.0,1.0382545
39.1,1.4854814
39.2,1.2452646
39.3,1.3460404
39.4,1.3202296
39.5,1.1745518
39.6,1.7413793
39.7,1.0824498
39.8,1.0206912
39.9,1.2973841
40.0,1.4919155
40.1,1.6981515
40.2,1.5716075
40.3,1.4011874
40.4,1.4144157
40.5,1.6688381
40.6,1.1664422
40.7,2.0136905
40.8,1.3658291
40.9,1.6412792
41.0,1.8042922
41.1,1.4024173
41.2,1.4194552
41.3,1.4123397
41.4,2.1491425
41.5,1.2431258
41.6,1.7182987
41.7,1.5844073
41.8,1.7213335
41.9,1.6427261
42.0,1.7132885
42.1,1.9205022
42.2,1.7726693
42.3,2.0974264
42.4,1.7261015
42.5,1.6630368
42.6,2.0068576
42.7,1.7992946
42.8,1.5319184
42.9,1.3025478
43.0,1.4611291
43.1,1.5448409
43.2,1.4255555
43.3,1.4350463
43.4,1.2845192
43.5,0.9224774
43.6,1.536433
43.7,1.5291706
43.8,1.1901302
43.9,1.371105
44.0,2.1181016
44.1,1.5808879
44.2,1.5337641
44.3,1.8319664
44.4,1.0364047
44.5,0.96451086
44.6,1.2134606
44.7,1.0170827
44.8,1.3737029
44.9,1.3691626
45.0,1.2263002
45.1,1.0982094
45.2,1.6379299
45.3,1.3531885
45.4,1.4487909
45.5,1.415308
45.6,1.1080164
45.7,1.1207185
45.8,1.157663
45.9,1.021865
46.0,0.9676944
46.1,1.1386213
46.2,0.9841451
46.3,1.149307
46.4,1.278287
46.5,1.5553942
46.6,1.1485579
46.7,0.8202263
46.8,1.1240929
46.9,1.1671752
47.0,0.9328856
47.1,0.969395
47.2,1.070031
47.3,1.3683579
47.4,1.5047318
47.5,1.0745232
47.6,1.5230236
47.7,1.7021906
47.8,1.1157969
47.9,1.2223127
48.0,1.3562334
48.1,1.4788584
48.2,1.1277255
48.3,1.533766
48.4,1.2744808
48.5,1.0981123
48.6,1.1039175
48.7,1.1676002
48.8,1.2323202
48.9,1.2244333
49.0,0.8217928
49.1,1.0218585
49.2,1.2122048
49.3,1.2702466
49.4,1.3096888
49.5,1.2015107
49.6,1.2383095
49.7,1.3515091
49.8,1.5494692
49.9,1.0108198
50.0,0.98917055
50.1,1.0357912
50.2,0.9189204
50.3,1.3398255
50.4,1.4022199
50.5,1.2741888
50.6,1.1856676
50.7,1.4729384
50.8,1.3878961
50.9,1.2402682
51.0,1.281758
51.1,1.0483887
51.2,1.3326124
51.3,1.4961292
51.4,1.3083538
51.5,1.2976412
51.6,1.4102648
51.7,0.96615785
51.8,1.0869577
51.9,1.1034534
52.0,1.229063
52.1,1.0312912
52.2,1.1924081
52.3,1.0969877
52.4,1.1810414
52.5,0.9875377
52.6,1.2006888
52.7,1.1775523
52.8,0.9686112
52.9,1.1471215
53.0,1.1898842
53.1,1.1794157
53.2,1.0556748
53.3,1.1663388
53.4,1.597908
53.5,1.3839083
53.6,1.3603587
53.7,1.462802
53.8,1.4208763
53.9,1.220928
54.0,1.1543757
54.1,1.3515904
54.2,1.2882394
54.3,1.1436614
54.4,1.1830659
54.5,0.97100127
54.6,0.89827085
54.7,0.7430042
54.8,1.0934001
54.9,1.0184832
55.0,1.1765023
55.1,1.3727264
55.2,1.1858941
55.3,1.1783599
55.4,1.1162381
55.5,1.199766
55.6,1.1769422
55.7,1.1451267
55.8,1.1088002
55.9,0.9581354
56.0,1.2060755
56.1,0.88480186
56.2,1.0787145
56.3,1.1430248
56.4,0.88552976
56.5,1.3613878
56.6,1.0088302
56.7,1.0553321
56.8,1.2546785
56.9,0.9791312
57.0,0.95352155
57.1,1.1391562
57.2,1.1039907
57.3,1.1433201
57.4,1.1942312
57.5,0.95798445
57.6,1.3721995
57.7,1.3121119
57.8,0.97684824
57.9,0.9500567
58.0,0.9196633
58.1,1.2473031
58.2,0.9439141
58.3,1.2161049
58.4,1.4943807
58.5,1.1492465
58.6,1.2643509
58.7,1.0007563
58.8,1.4096067
58.9,1.2118373
59.0,1.0895617
59.1,0.97272426
59.2,1.0723648
59.3,1.101362
59.4,1.2111292
59.5,1.062594
59.6,1.3562719
59.7,1.033735
59.8,0.97354597
59.9,1.0414068
60.0,1.1040069
60.1,0.8450343
60.2,1.0225537
60.3,1.190149
60.4,0.9881109
60.5,0.9653039
60.6,0.93563855
60.7,1.0935317
60.8,1.0516583
60.9,1.0763649
61.0,1.0869646
61.1,1.1084815
61.2,1.2269754
61.3,0.9258384
61.4,1.0931693
61.5,0.9530451
61.6,0.8508348
61.7,1.1173369
61.8,1.1840007
61.9,1.1461848
62.0,1.0173308
62.1,1.0802736
62.2,1.0870113
62.3,0.8708592
62.4,0.79528385
62.5,1.0884637
62.6,1.1199447
62.7,0.92802006
62.8,0.8956164
62.9,0.89905465
63.0,0.9939459
63.1,1.0415521
63.2,0.9810947
63.3,0.9825995
63.4,1.4277449
63.5,0.9897627
63.6,1.1745777
63.7,1.019521
63.8,1.0280284
63.9,1.0050558
64.0,1.2357681
64.1,1.2408202
64.2,1.0819112
64.3,1.0106711
64.4,1.099533
64.5,0.97908443
64.6,1.2147487
64.7,1.0422823
64.8,1.0206225
64.9,1.1346593
65.0,0.99953645
65.1,1.1666281
65.2,1.3157847
65.3,1.1653275
65.4,1.0475353
65.5,1.02078
65.6,0.84474826
65.7,1.2873983
65.8,1.1489449
65.9,1.0242198
66.0,1.1252836
66.1,1.0477355
66.2,1.1681758
66.3,1.1098248
66.4,0.928738
66.5,1.0448517
66.6,1.2924689
66.7,1.101129
66.8,1.3003387
66.9,1.1105509
67.0,1.0093983
67.1,1.0386883
67.2,1.0633019
67.3,1.0822868
67.4,1.2654
67.5,1.0690715
67.6,1.1360387
67.7,0.9201602
67.8,1.1629732
67.9,1.2242354
68.0,1.0960783
68.1,1.079308
68.2,0.9563576
68.3,0.93974805
68.4,0.98430157
68.5,1.1809471
68.6,0.9836176
68.7,1.0516241
68.8,1.2822286
68.9,1.2033913
69.0,1.0744843
69.1,1.0455784
69.2,1.202536
69.3,1.231126
69.4,1.0505067
69.5,1.3512038
69.6,1.0648488
69.7,0.78951246
69.8,1.115557
69.9,0.87682855
70.0,1.2057805
70.1,1.1108896
70.2,1.2657402
70.3,0.8447312
70.4,0.77789515
70.5,1.2627319
70.6,1.2352738
70.7,1.1773664
70.8,1.3793261
70.9,1.310644
71.0,1.3742802
71.1,1.1829934
71.2,0.94893575
71.3,0.9470863
71.4,1.070763
71.5,1.1066217
71.6,1.3119414
71.7,1.0469476
71.8,1.2240103
71.9,1.2472359
72.0,1.2195364
72.1,1.3403149
72.2,0.98953223
72.3,1.1219712
72.4,1.0327245
72.5,1.0743526
72.6,1.1104349
72.7,1.070692
72.8,1.2951951
72.9,0.8917904
73.0,1.4151876
73.1,1.0385929
73.2,1.0573052
73.3,1.3071363
73.4,1.2970916
73.5,1.297877
73.6,1.3809437
73.7,1.113404
73.8,1.5867076
73.9,1.4050181
74.0,1.1494193
74.1,1.1395053
74.2,1.1719441
74.3,1.2300005
74.4,1.0412452
74.5,1.1806443
74.6,0.86522985
74.7,1.3717036
74.8,0.9368549
74.9,1.089881
75.0,1.0923302
75.1,1.3788112
75.2,1.3095219
75.3,1.050276
75.4,1.2944802
75.5,1.4222488
75.6,1.4664224
75.7,1.0873084
75.8,0.812969
75.9,1.2685968
76.0,1.2408882
76.1,1.2740625
76.2,1.2468377
76.3,1.4430896
76.4,1.2719514
76.5,1.4230893
76.6,1.1065985
76.7,0.9031484
76.8,1.1746777
76.9,1.2659339
77.0,1.25056
77.1,1.2456926
77.2,1.1451969
77.3,1.440655
77.4,1.0664331
77.5,1.1760696
77.6,1.4567401
77.7,1.2447827
77.8,1.1179215
77.9,1.108008
78.0,1.3209671
78.1,1.5603153
78.2,1.153565
78.3,1.3050836
78.4,1.2401226
78.5,0.9870713
78.6,1.3643234
78.7,1.2692405
78.8,1.3101814
78.9,1.1619596
79.0,1.1067182
79.1,1.1221285
79.2,1.3297799
79.3,1.2436115
79.4,1.4754599
79.5,1.2604853
79.6,1.5426654
79.7,1.452276
79.8,1.1255012
79.9,1.3457352
80.0,1.124504
80.1,1.2890816
80.2,1.2047441
80.3,1.0788802
80.4,1.4270269
80.5,1.6471988
80.6,1.5448073
80.7,1.0417163
80.8,1.2803115
80.9,1.3391293
81.0,1.4044425
81.1,1.2518592
81.2,1.1249001
81.3,1.3026363
81.4,1.3468202
81.5,0.9455405
81.6,1.4017333
81.7,1.2675339
81.8,1.4455192
81.9,1.1980848
82.0,1.4017617
82.1,1.2796485
82.2,1.2542857
82.3,1.2284033
82.4,0.98347443
82.5,1.2271293
82.6,1.2945148
82.7,1.3237811
82.8,1.2674916
82.9,1.158727
83.0,1.0581205
83.1,1.1795329
83.2,1.250188
83.3,1.102706
83.4,1.3425643
83.5,1.4338804
83.6,1.1838964
83.7,1.2438407
83.8,1.0983554
83.9,1.3458979
84.0,1.4031732
84.1,1.1038933
84.2,1.1663064
84.3,1.2900413
84.4,1.0565491
84.5,1.1953833
84.6,0.9593763
84.7,1.01515
84.8,0.9601427
84.9,1.3347743
85.0,1.2599571
85.1,1.2271593
85.2,1.166668
85.3,1.0302494
85.4,1.3261992
85.5,1.0254935
85.6,0.9781936
85.7,1.3437117
85.8,1.2279625
85.9,1.1617163
86.0,1.5224632
86.1,1.4572624
86.2,1.6075554
86.3,1.4527673
86.4,1.3065997
86.5,1.5953938
86.6,1.6829561
86.7,1.2858001
86.8,1.0735643
86.9,1.0420089
87.0,1.5243365
87.1,1.2868127
87.2,1.1430478
87.3,1.4441584
87.4,1.1374236
87.5,1.2251358
87.6,1.1851914
87.7,1.0577031
87.8,1.0086415
87.9,1.2822326
88.0,1.4143139
88.1,1.480071
88.2,1.083574
88.3,1.1127256
88.4,1.1367233
88.5,1.2985519
88.6,1.5842341
88.7,1.1205169
88.8,1.3889924
88.9,1.40869
89.0,1.2229393
89.1,1.3362868
89.2,1.1358951
89.3,1.1865772
89.4,1.2598438
89.5,1.6928023
89.6,1.400182
89.7,1.4172237
89.8,1.1671921
89.9,1.2206903
90.0,1.149441
90.1,1.294472
90.2,1.1585251
90.3,1.1064906
90.4,1.3212351
90.5,1.1600583
90.6,1.1931274
90.7,1.2743992
90.8,1.369589
90.9,1.2542107
91.0,1.2806848
91.1,1.1095061
91.2,1.1097857
91.3,1.7151176
91.4,1.3874724
91.5,1.2759234
91.6,1.2686151
91.7,1.3949456
91.8,1.3759975
91.9,1.3905576
92.0,1.1776072
92.1,1.2475638
92.2,1.3186094
92.3,1.1626817
92.4,1.2047081
92.5,1.3147048
92.6,1.1570663
92.7,1.3148375
92.8,1.2808443
92.9,1.3859773
93.0,1.2533312
93.1,1.1839819
93.2,1.2028878
93.3,1.4960568
93.4,1.1839687
93.5,0.8894613
93.6,1.1574628
93.7,1.0589917
93.8,1.3771356
93.9,0.9975108
94.0,1.2677763
94.1,1.3979049
94.2,1.4090059
94.3,1.0834712
94.4,1.4585202
94.5,1.3749828
94.6,1.4541401
94.7,1.265258
94.8,1.8329841
94.9,1.307697
95.0,1.4711113
95.1,1.0544819
95.2,1.2613785
95.3,1.5113838
95.4,1.2292576
95.5,1.4187591
95.6,1.3125389
95.7,1.3836379
95.8,1.3725796
95.9,1.3852031
96.0,1.1553477
96.1,1.3179754
96.2,1.1353676
96.3,1.2624123
96.4,1.327265
96.5,1.1581153
96.6,1.2792745
96.7,1.2325923
96.8,1.429831
96.9,1.5261279
97.0,1.3999444
97.1,1.1208779
97.2,1.0676552
97.3,1.0583714
97.4,1.1172429
97.5,1.0796278
97.6,1.2359897
97.7,1.3663405
97.8,1.1474178
97.9,1.2973415
98.0,1.0736973
98.1,1.1284877
98.2,1.401667
98.3,1.2092552
98.4,1.3613638
98.5,1.3106998
98.6,1.0023621
98.7,1.1276249
98.8,1.1049095
98.9,1.4625057
99.0,1.4958448
99.1,1.2047311
99.2,1.2967538
99.3,1.1615462
99.4,1.0878023
99.5,1.110273
99.6,0.97438395
99.7,1.177028
99.8,1.1279968
99.9,1.2859612
