new_resid,old_resid,old_insertion,old_chain
2,32,,A
3,33,,A
4,34,,A
5,35,,A
6,36,,A
7,37,,A
8,38,,A
9,39,,A
10,40,,A
11,41,,A
12,42,,A
13,43,,A
14,44,,A
15,45,,A
16,46,,A
17,47,,A
18,48,,A
19,49,,A
20,50,,A
21,51,,A
22,52,,A
23,53,,A
24,54,,A
25,55,,A
26,56,,A
27,57,,A
28,58,,A
29,59,,A
30,60,,A
31,61,,A
32,62,,A
33,63,,A
34,64,,A
35,65,,A
36,66,,A
37,67,,A
38,68,,A
39,69,,A
40,70,,A
41,71,,A
42,72,,A
43,73,,A
44,74,,A
45,75,,A
46,76,,A
47,77,,A
48,78,,A
49,79,,A
50,80,,A
51,81,,A
52,82,,A
53,83,,A
54,84,,A
55,85,,A
56,86,,A
57,87,,A
58,88,,A
59,89,,A
60,90,,A
61,91,,A
62,92,,A
63,93,,A
64,94,,A
65,95,,A
66,96,,A
67,97,,A
68,98,,A
69,99,,A
70,100,,A
71,101,,A
72,102,,A
73,103,,A
74,104,,A
75,105,,A
76,106,,A
77,107,,A
78,108,,A
79,109,,A
80,110,,A
81,111,,A
82,112,,A
83,113,,A
84,114,,A
85,115,,A
86,116,,A
87,117,,A
88,118,,A
89,119,,A
90,120,,A
91,121,,A
92,122,,A
93,123,,A
94,124,,A
95,125,,A
96,126,,A
97,127,,A
98,128,,A
99,129,,A
100,130,,A
101,131,,A
102,132,,A
103,133,,A
104,134,,A
105,135,,A
106,136,,A
107,137,,A
108,138,,A
109,139,,A
110,140,,A
111,141,,A
112,142,,A
113,143,,A
114,144,,A
115,145,,A
116,146,,A
117,147,,A
118,148,,A
119,149,,A
120,150,,A
121,151,,A
122,152,,A
123,153,,A
124,154,,A
125,155,,A
126,156,,A
127,157,,A
128,158,,A
129,159,,A
130,160,,A
131,161,,A
132,162,,A
133,163,,A
134,164,,A
135,165,,A
136,166,,A
137,167,,A
138,168,,A
139,169,,A
140,170,,A
141,171,,A
142,172,,A
143,173,,A
144,174,,A
145,175,,A
146,176,,A
147,177,,A
148,178,,A
149,179,,A
150,180,,A
151,181,,A
152,182,,A
153,183,,A
154,184,,A
155,185,,A
156,186,,A
157,187,,A
158,188,,A
159,189,,A
160,190,,A
161,191,,A
162,192,,A
163,193,,A
164,194,,A
165,195,,A
166,196,,A
167,197,,A
168,198,,A
169,199,,A
170,200,,A
171,201,,A
172,202,,A
173,203,,A
174,204,,A
175,205,,A
176,206,,A
177,207,,A
178,208,,A
179,209,,A
180,210,,A
181,211,,A
182,212,,A
183,213,,A
184,214,,A
185,215,,A
186,216,,A
187,217,,A
188,218,,A
189,219,,A
190,220,,A
191,221,,A
192,222,,A
193,223,,A
194,224,,A
195,225,,A
196,226,,A
197,227,,A
198,228,,A
199,229,,A
200,230,,A
201,231,,A
202,232,,A
203,233,,A
204,234,,A
205,235,,A
206,236,,A
207,237,,A
208,238,,A
209,239,,A
210,240,,A
211,241,,A
212,242,,A
213,243,,A
214,244,,A
215,245,,A
216,246,,A
217,247,,A
218,248,,A
219,249,,A
220,250,,A
221,251,,A
222,252,,A
223,253,,A
224,254,,A
225,255,,A
226,256,,A
227,257,,A
228,258,,A
229,259,,A
230,260,,A
231,261,,A
232,262,,A
233,263,,A
234,264,,A
235,265,,A
236,266,,A
237,267,,A
238,268,,A
239,269,,A
240,270,,A
241,271,,A
242,272,,A
243,273,,A
244,274,,A
245,275,,A
246,276,,A
247,277,,A
248,278,,A
249,279,,A
250,280,,A
251,281,,A
252,282,,A
253,283,,A
254,284,,A
255,285,,A
256,286,,A
257,287,,A
258,288,,A
259,289,,A
260,290,,A
261,291,,A
262,292,,A
263,293,,A
264,294,,A
265,295,,A
266,296,,A
267,297,,A
268,298,,A
269,299,,A
270,300,,A
271,301,,A
272,302,,A
273,303,,A
274,304,,A
275,305,,A
276,306,,A
277,307,,A
278,308,,A
279,309,,A
280,310,,A
281,311,,A
282,312,,A
283,313,,A
284,314,,A
285,315,,A
286,316,,A
287,317,,A
288,318,,A
289,319,,A
290,320,,A
291,321,,A
292,322,,A
293,323,,A
294,324,,A
295,325,,A
296,326,,A
297,327,,A
298,328,,A
299,329,,A
300,330,,A
301,331,,A
302,332,,A
303,333,,A
304,334,,A
305,335,,A
306,336,,A
307,337,,A
308,338,,A
309,339,,A
310,340,,A
311,341,,A
312,342,,A
313,343,,A
314,344,,A
315,345,,A
316,346,,A
317,347,,A
318,348,,A
319,349,,A
320,350,,A
321,351,,A
322,352,,A
323,353,,A
324,354,,A
325,355,,A
326,356,,A
327,357,,A
328,358,,A
329,359,,A
330,360,,A
331,361,,A
332,362,,A
333,363,,A
334,364,,A
335,365,,A
336,366,,A
337,367,,A
338,368,,A
339,369,,A
340,370,,A
341,371,,A
342,372,,A
343,373,,A
344,374,,A
345,375,,A
346,376,,A
347,377,,A
348,378,,A
349,379,,A
350,380,,A
351,381,,A
352,382,,A
353,383,,A
354,384,,A
355,385,,A
356,386,,A
357,387,,A
358,388,,A
359,389,,A
360,390,,A
361,391,,A
362,392,,A
363,393,,A
364,394,,A
365,395,,A
366,396,,A
367,397,,A
368,398,,A
369,399,,A
370,400,,A
371,401,,A
372,402,,A
373,403,,A
374,404,,A
375,405,,A
376,406,,A
377,407,,A
378,408,,A
379,409,,A
380,410,,A
381,411,,A
382,412,,A
383,413,,A
384,414,,A
385,415,,A
386,416,,A
387,417,,A
388,418,,A
389,419,,A
390,420,,A
391,421,,A
394,32,,B
395,33,,B
396,34,,B
397,35,,B
398,36,,B
399,37,,B
400,38,,B
401,39,,B
402,40,,B
403,41,,B
404,42,,B
405,43,,B
406,44,,B
407,45,,B
408,46,,B
409,47,,B
410,48,,B
411,49,,B
412,50,,B
413,51,,B
414,52,,B
415,53,,B
416,54,,B
417,55,,B
418,56,,B
419,57,,B
420,58,,B
421,59,,B
422,60,,B
423,61,,B
424,62,,B
425,63,,B
426,64,,B
427,65,,B
428,66,,B
429,67,,B
430,68,,B
431,69,,B
432,70,,B
433,71,,B
434,72,,B
435,73,,B
436,74,,B
437,75,,B
438,76,,B
439,77,,B
440,78,,B
441,79,,B
442,80,,B
443,81,,B
444,82,,B
445,83,,B
446,84,,B
447,85,,B
448,86,,B
449,87,,B
450,88,,B
451,89,,B
452,90,,B
453,91,,B
454,92,,B
455,93,,B
456,94,,B
457,95,,B
458,96,,B
459,97,,B
460,98,,B
461,99,,B
462,100,,B
463,101,,B
464,102,,B
465,103,,B
466,104,,B
467,105,,B
468,106,,B
469,107,,B
470,108,,B
471,109,,B
472,110,,B
473,111,,B
474,112,,B
475,113,,B
476,114,,B
477,115,,B
478,116,,B
479,117,,B
480,118,,B
481,119,,B
482,120,,B
483,121,,B
484,122,,B
485,123,,B
486,124,,B
487,125,,B
488,126,,B
489,127,,B
490,128,,B
491,129,,B
492,130,,B
493,131,,B
494,132,,B
495,133,,B
496,134,,B
497,135,,B
498,136,,B
499,137,,B
500,138,,B
501,139,,B
502,140,,B
503,141,,B
504,142,,B
505,143,,B
506,144,,B
507,145,,B
508,146,,B
509,147,,B
510,148,,B
511,149,,B
512,150,,B
513,151,,B
514,152,,B
515,153,,B
516,154,,B
517,155,,B
518,156,,B
519,157,,B
520,158,,B
521,159,,B
522,160,,B
523,161,,B
524,162,,B
525,163,,B
526,164,,B
527,165,,B
528,166,,B
529,167,,B
530,168,,B
531,169,,B
532,170,,B
533,171,,B
534,172,,B
535,173,,B
536,174,,B
537,175,,B
538,176,,B
539,177,,B
540,178,,B
541,179,,B
542,180,,B
543,181,,B
544,182,,B
545,183,,B
546,184,,B
547,185,,B
548,186,,B
549,187,,B
550,188,,B
551,189,,B
552,190,,B
553,191,,B
554,192,,B
555,193,,B
556,194,,B
557,195,,B
558,196,,B
559,197,,B
560,198,,B
561,199,,B
562,200,,B
563,201,,B
564,202,,B
565,203,,B
566,204,,B
567,205,,B
568,206,,B
569,207,,B
570,208,,B
571,209,,B
572,210,,B
573,211,,B
574,212,,B
575,213,,B
576,214,,B
577,215,,B
578,216,,B
579,217,,B
580,218,,B
581,219,,B
582,220,,B
583,221,,B
584,222,,B
585,223,,B
586,224,,B
587,225,,B
588,226,,B
589,227,,B
590,228,,B
591,229,,B
592,230,,B
593,231,,B
594,232,,B
595,233,,B
596,234,,B
597,235,,B
598,236,,B
599,237,,B
600,238,,B
601,239,,B
602,240,,B
603,241,,B
604,242,,B
605,243,,B
606,244,,B
607,245,,B
608,246,,B
609,247,,B
610,248,,B
611,249,,B
612,250,,B
613,251,,B
614,252,,B
615,253,,B
616,254,,B
617,255,,B
618,256,,B
619,257,,B
620,258,,B
621,259,,B
622,260,,B
623,261,,B
624,262,,B
625,263,,B
626,264,,B
627,265,,B
628,266,,B
629,267,,B
630,268,,B
631,269,,B
632,270,,B
633,271,,B
634,272,,B
635,273,,B
636,274,,B
637,275,,B
638,276,,B
639,277,,B
640,278,,B
641,279,,B
642,280,,B
643,281,,B
644,282,,B
645,283,,B
646,284,,B
647,285,,B
648,286,,B
649,287,,B
650,288,,B
651,289,,B
652,290,,B
653,291,,B
654,292,,B
655,293,,B
656,294,,B
657,295,,B
658,296,,B
659,297,,B
660,298,,B
661,299,,B
662,300,,B
663,301,,B
664,302,,B
665,303,,B
666,304,,B
667,305,,B
668,306,,B
669,307,,B
670,308,,B
671,309,,B
672,310,,B
673,311,,B
674,312,,B
675,313,,B
676,314,,B
677,315,,B
678,316,,B
679,317,,B
680,318,,B
681,319,,B
682,320,,B
683,321,,B
684,322,,B
685,323,,B
686,324,,B
687,325,,B
688,326,,B
689,327,,B
690,328,,B
691,329,,B
692,330,,B
693,331,,B
694,332,,B
695,333,,B
696,334,,B
697,335,,B
698,336,,B
699,337,,B
700,338,,B
701,339,,B
702,340,,B
703,341,,B
704,342,,B
705,343,,B
706,344,,B
707,345,,B
708,346,,B
709,347,,B
710,348,,B
711,349,,B
712,350,,B
713,351,,B
714,352,,B
715,353,,B
716,354,,B
717,355,,B
718,356,,B
719,357,,B
720,358,,B
721,359,,B
722,360,,B
723,361,,B
724,362,,B
725,363,,B
726,364,,B
727,365,,B
728,366,,B
729,367,,B
730,368,,B
731,369,,B
732,370,,B
733,371,,B
734,372,,B
735,373,,B
736,374,,B
737,375,,B
738,376,,B
739,377,,B
740,378,,B
741,379,,B
742,380,,B
743,381,,B
744,382,,B
745,383,,B
746,384,,B
747,385,,B
748,386,,B
749,387,,B
750,388,,B
751,389,,B
752,390,,B
753,391,,B
754,392,,B
755,393,,B
756,394,,B
757,395,,B
758,396,,B
759,397,,B
760,398,,B
761,399,,B
762,400,,B
763,401,,B
764,402,,B
765,403,,B
766,404,,B
767,405,,B
768,406,,B
769,407,,B
770,408,,B
771,409,,B
772,410,,B
773,411,,B
774,412,,B
775,413,,B
776,414,,B
777,415,,B
778,416,,B
779,417,,B
780,418,,B
781,419,,B
782,420,,B
783,421,,B
784,422,,B
