,resname,protonation,resid,insertion,chain,segid,pKa,buried
0,LEU,LEU,32,,A,0,,
1,ASP,ASP,33,,A,0,3.9941427424934313,0.0
2,ASN,ASN,34,,A,0,,
3,GLY,GLY,35,,A,0,,
4,LEU,LEU,36,,A,0,,
5,ALA,ALA,37,,A,0,,
6,ARG,ARG,38,,A,0,12.05322239985492,0.18571428571428572
7,THR,THR,39,,A,0,,
8,PRO,PRO,40,,A,0,,
9,THR,THR,41,,A,0,,
10,MET,MET,42,,A,0,,
11,GLY,GLY,43,,A,0,,
12,TRP,TRP,44,,A,0,,
13,LEU,LEU,45,,A,0,,
14,HIS,HIE,46,,A,0,4.597574744808767,1.0
15,TRP,TRP,47,,A,0,,
16,GLU,GLH,48,,A,0,9.505288589298186,1.0
17,ARG,ARG,49,,A,0,11.171055819382781,0.9392857142857143
18,PHE,PHE,50,,A,0,,
19,MET,MET,51,,A,0,,
20,CYS,CYX,52,,A,0,99.99,0.0
21,ASN,ASN,53,,A,0,,
22,LEU,LEU,54,,A,0,,
23,ASP,ASP,55,,A,0,3.624412646029942,0.0
24,CYS,CYX,56,,A,0,99.99,0.0
25,GLN,GLN,57,,A,0,,
26,GLU,GLU,58,,A,0,4.46238155822916,0.0
27,GLU,GLU,59,,A,0,4.874979055476262,0.18928571428571428
28,PRO,PRO,60,,A,0,,
29,ASP,ASP,61,,A,0,3.9086782932093787,0.039285714285714285
30,SER,SER,62,,A,0,,
31,CYS,CYX,63,,A,0,99.99,0.0
32,ILE,ILE,64,,A,0,,
33,SER,SER,65,,A,0,,
34,GLU,GLU,66,,A,0,5.192927243866578,0.26071428571428573
35,LYS,LYS,67,,A,0,10.514220260213271,0.0
36,LEU,LEU,68,,A,0,,
37,PHE,PHE,69,,A,0,,
38,MET,MET,70,,A,0,,
39,GLU,GLU,71,,A,0,4.364300681571623,0.06428571428571428
40,MET,MET,72,,A,0,,
41,ALA,ALA,73,,A,0,,
42,GLU,GLU,74,,A,0,4.066869633150822,0.0
43,LEU,LEU,75,,A,0,,
44,MET,MET,76,,A,0,,
45,VAL,VAL,77,,A,0,,
46,SER,SER,78,,A,0,,
47,GLU,GLU,79,,A,0,3.794283142661604,0.0
48,GLY,GLY,80,,A,0,,
49,TRP,TRP,81,,A,0,,
50,LYS,LYS,82,,A,0,10.526583737963408,0.0
51,ASP,ASP,83,,A,0,3.4706806970471082,0.0
52,ALA,ALA,84,,A,0,,
53,GLY,GLY,85,,A,0,,
54,TYR,TYR,86,,A,0,13.540473610524385,1.0
55,GLU,GLU,87,,A,0,6.059254183941226,0.45714285714285713
56,TYR,TYR,88,,A,0,12.691194587601139,0.7464285714285714
57,LEU,LEU,89,,A,0,,
58,CYS,CYS,90,,A,0,12.9838522565181,1.0
59,ILE,ILE,91,,A,0,,
60,ASP,ASP,92,,A,0,3.026889110646959,1.0
61,ASP,ASP,93,,A,0,6.609415594322031,0.7821428571428571
62,CYS,CYX,94,,A,0,99.99,0.0
63,TRP,TRP,95,,A,0,,
64,MET,MET,96,,A,0,,
65,ALA,ALA,97,,A,0,,
66,PRO,PRO,98,,A,0,,
67,GLN,GLN,99,,A,0,,
68,ARG,ARG,100,,A,0,12.216510155915312,0.5392857142857143
69,ASP,ASP,101,,A,0,3.3894102282476903,0.0
70,SER,SER,102,,A,0,,
71,GLU,GLU,103,,A,0,3.9306130103300494,0.0
72,GLY,GLY,104,,A,0,,
73,ARG,ARG,105,,A,0,12.983730268287347,0.0
74,LEU,LEU,106,,A,0,,
75,GLN,GLN,107,,A,0,,
76,ALA,ALA,108,,A,0,,
77,ASP,ASP,109,,A,0,3.8756562804626298,0.24642857142857144
78,PRO,PRO,110,,A,0,,
79,GLN,GLN,111,,A,0,,
80,ARG,ARG,112,,A,0,11.459832310230999,0.5357142857142857
81,PHE,PHE,113,,A,0,,
82,PRO,PRO,114,,A,0,,
83,HIS,HID,115,,A,0,6.581804067654455,0.0
84,GLY,GLY,116,,A,0,,
85,ILE,ILE,117,,A,0,,
86,ARG,ARG,118,,A,0,12.007626001379649,0.060714285714285714
87,GLN,GLN,119,,A,0,,
88,LEU,LEU,120,,A,0,,
89,ALA,ALA,121,,A,0,,
90,ASN,ASN,122,,A,0,,
91,TYR,TYR,123,,A,0,11.89916388315729,0.1357142857142857
92,VAL,VAL,124,,A,0,,
93,HIS,HID,125,,A,0,6.552414756250101,0.32142857142857145
94,SER,SER,126,,A,0,,
95,LYS,LYS,127,,A,0,10.395413304779547,0.0
96,GLY,GLY,128,,A,0,,
97,LEU,LEU,129,,A,0,,
98,LYS,LYS,130,,A,0,10.517328929155632,0.2714285714285714
99,LEU,LEU,131,,A,0,,
100,GLY,GLY,132,,A,0,,
101,ILE,ILE,133,,A,0,,
102,TYR,TYR,134,,A,0,21.944957437187405,1.0
103,ALA,ALA,135,,A,0,,
104,ASP,ASH,136,,A,0,10.580301929797711,0.9107142857142857
105,VAL,VAL,137,,A,0,,
106,GLY,GLY,138,,A,0,,
107,ASN,ASN,139,,A,0,,
108,LYS,LYS,140,,A,0,10.52763139533265,0.0
109,THR,THR,141,,A,0,,
110,CYS,CYX,142,,A,0,99.99,0.0
111,ALA,ALA,143,,A,0,,
112,GLY,GLY,144,,A,0,,
113,PHE,PHE,145,,A,0,,
114,PRO,PRO,146,,A,0,,
115,GLY,GLY,147,,A,0,,
116,SER,SER,148,,A,0,,
117,PHE,PHE,149,,A,0,,
118,GLY,GLY,150,,A,0,,
119,TYR,TYR,151,,A,0,10.011006656584547,0.0
120,TYR,TYR,152,,A,0,13.339764666848257,0.7285714285714285
121,ASP,ASP,153,,A,0,3.7076211931335585,0.06785714285714285
122,ILE,ILE,154,,A,0,,
123,ASP,ASP,155,,A,0,6.691590845113426,0.8964285714285715
124,ALA,ALA,156,,A,0,,
125,GLN,GLN,157,,A,0,,
126,THR,THR,158,,A,0,,
127,PHE,PHE,159,,A,0,,
128,ALA,ALA,160,,A,0,,
129,ASP,ASP,161,,A,0,4.177791144511846,0.06785714285714285
130,TRP,TRP,162,,A,0,,
131,GLY,GLY,163,,A,0,,
132,VAL,VAL,164,,A,0,,
133,ASP,ASP,165,,A,0,5.170233878332138,0.675
134,LEU,LEU,166,,A,0,,
135,LEU,LEU,167,,A,0,,
136,LYS,LYS,168,,A,0,13.813648283944039,1.0
137,PHE,PHE,169,,A,0,,
138,ASP,ASP,170,,A,0,4.225968538266587,1.0
139,GLY,GLY,171,,A,0,,
140,CYS,CYX,172,,A,0,99.99,0.0
141,TYR,TYR,173,,A,0,10.084180964987805,0.0
142,CYS,CYS,174,,A,0,11.723108609449316,0.6071428571428571
143,ASP,ASP,175,,A,0,4.340271463773064,0.007142857142857143
144,SER,SER,176,,A,0,,
145,LEU,LEU,177,,A,0,,
146,GLU,GLU,178,,A,0,4.267765180138857,0.0
147,ASN,ASN,179,,A,0,,
148,LEU,LEU,180,,A,0,,
149,ALA,ALA,181,,A,0,,
150,ASP,ASP,182,,A,0,4.343109700078319,0.225
151,GLY,GLY,183,,A,0,,
152,TYR,TYR,184,,A,0,18.666422356122506,1.0
153,LYS,LYS,185,,A,0,11.62045887486794,0.16785714285714284
154,HIS,HIE,186,,A,0,6.199942024889193,0.18928571428571428
155,MET,MET,187,,A,0,,
156,SER,SER,188,,A,0,,
157,LEU,LEU,189,,A,0,,
158,ALA,ALA,190,,A,0,,
159,LEU,LEU,191,,A,0,,
160,ASN,ASN,192,,A,0,,
161,ARG,ARG,193,,A,0,12.458140968194726,0.0
162,THR,THR,194,,A,0,,
163,GLY,GLY,195,,A,0,,
164,ARG,ARG,196,,A,0,12.089378463325168,0.3607142857142857
165,SER,SER,197,,A,0,,
166,ILE,ILE,198,,A,0,,
167,VAL,VAL,199,,A,0,,
168,TYR,TYR,200,,A,0,14.997728138716408,1.0
169,SER,SER,201,,A,0,,
170,CYS,CYX,202,,A,0,99.99,0.0
171,GLU,GLH,203,,A,0,10.181176942567754,1.0
172,TRP,TRP,204,,A,0,,
173,PRO,PRO,205,,A,0,,
174,LEU,LEU,206,,A,0,,
175,TYR,TYR,207,,A,0,16.788290070803235,0.7857142857142857
176,MET,MET,208,,A,0,,
177,TRP,TRP,209,,A,0,,
178,PRO,PRO,210,,A,0,,
179,PHE,PHE,211,,A,0,,
180,GLN,GLN,212,,A,0,,
181,LYS,LYS,213,,A,0,10.195254442867437,0.0
182,PRO,PRO,214,,A,0,,
183,ASN,ASN,215,,A,0,,
184,TYR,TYR,216,,A,0,12.9583109476333,0.8178571428571428
185,THR,THR,217,,A,0,,
186,GLU,GLU,218,,A,0,4.093804232953943,0.24642857142857144
187,ILE,ILE,219,,A,0,,
188,ARG,ARG,220,,A,0,10.800000802006187,0.6571428571428571
189,GLN,GLN,221,,A,0,,
190,TYR,TYR,222,,A,0,10.515857173218308,0.225
191,CYS,CYX,223,,A,0,99.99,0.0
192,ASN,ASN,224,,A,0,,
193,HIS,HIE,225,,A,0,3.537791768370922,1.0
194,TRP,TRP,226,,A,0,,
195,ARG,ARG,227,,A,0,17.19585424103535,1.0
196,ASN,ASN,228,,A,0,,
197,PHE,PHE,229,,A,0,,
198,ALA,ALA,230,,A,0,,
199,ASP,ASP,231,,A,0,2.445849854756564,0.8464285714285714
200,ILE,ILE,232,,A,0,,
201,ASP,ASP,233,,A,0,5.268641516746122,0.5214285714285715
202,ASP,ASP,234,,A,0,6.48232961033954,1.0
203,SER,SER,235,,A,0,,
204,TRP,TRP,236,,A,0,,
205,LYS,LYS,237,,A,0,10.571216707314848,0.0
206,SER,SER,238,,A,0,,
207,ILE,ILE,239,,A,0,,
208,LYS,LYS,240,,A,0,9.981764801293362,0.6535714285714286
209,SER,SER,241,,A,0,,
210,ILE,ILE,242,,A,0,,
211,LEU,LEU,243,,A,0,,
212,ASP,ASP,244,,A,0,3.166227286266927,0.4714285714285714
213,TRP,TRP,245,,A,0,,
214,THR,THR,246,,A,0,,
215,SER,SER,247,,A,0,,
216,PHE,PHE,248,,A,0,,
217,ASN,ASN,249,,A,0,,
218,GLN,GLN,250,,A,0,,
219,GLU,GLU,251,,A,0,4.595999920810118,0.0
220,ARG,ARG,252,,A,0,12.295285535023664,0.017857142857142856
221,ILE,ILE,253,,A,0,,
222,VAL,VAL,254,,A,0,,
223,ASP,ASP,255,,A,0,3.907700868185615,0.07142857142857142
224,VAL,VAL,256,,A,0,,
225,ALA,ALA,257,,A,0,,
226,GLY,GLY,258,,A,0,,
227,PRO,PRO,259,,A,0,,
228,GLY,GLY,260,,A,0,,
229,GLY,GLY,261,,A,0,,
230,TRP,TRP,262,,A,0,,
231,ASN,ASN,263,,A,0,,
232,ASP,ASP,264,,A,0,5.194038729153145,1.0
233,PRO,PRO,265,,A,0,,
234,ASP,ASP,266,,A,0,6.924280246829699,1.0
235,MET,MET,267,,A,0,,
236,LEU,LEU,268,,A,0,,
237,VAL,VAL,269,,A,0,,
238,ILE,ILE,270,,A,0,,
239,GLY,GLY,271,,A,0,,
240,ASN,ASN,272,,A,0,,
241,PHE,PHE,273,,A,0,,
242,GLY,GLY,274,,A,0,,
243,LEU,LEU,275,,A,0,,
244,SER,SER,276,,A,0,,
245,TRP,TRP,277,,A,0,,
246,ASN,ASN,278,,A,0,,
247,GLN,GLN,279,,A,0,,
248,GLN,GLN,280,,A,0,,
249,VAL,VAL,281,,A,0,,
250,THR,THR,282,,A,0,,
251,GLN,GLN,283,,A,0,,
252,MET,MET,284,,A,0,,
253,ALA,ALA,285,,A,0,,
254,LEU,LEU,286,,A,0,,
255,TRP,TRP,287,,A,0,,
256,ALA,ALA,288,,A,0,,
257,ILE,ILE,289,,A,0,,
258,MET,MET,290,,A,0,,
259,ALA,ALA,291,,A,0,,
260,ALA,ALA,292,,A,0,,
261,PRO,PRO,293,,A,0,,
262,LEU,LEU,294,,A,0,,
263,PHE,PHE,295,,A,0,,
264,MET,MET,296,,A,0,,
265,SER,SER,297,,A,0,,
266,ASN,ASN,298,,A,0,,
267,ASP,ASP,299,,A,0,4.674174970149819,0.6607142857142857
268,LEU,LEU,300,,A,0,,
269,GLN,GLN,301,,A,0,,
270,HIS,HID,302,,A,0,6.3957657421606475,0.21071428571428572
271,ILE,ILE,303,,A,0,,
272,SER,SER,304,,A,0,,
273,PRO,PRO,305,,A,0,,
274,GLN,GLN,306,,A,0,,
275,ALA,ALA,307,,A,0,,
276,LYS,LYS,308,,A,0,11.125553799789742,0.0
277,ALA,ALA,309,,A,0,,
278,LEU,LEU,310,,A,0,,
279,LEU,LEU,311,,A,0,,
280,GLN,GLN,312,,A,0,,
281,ASP,ASP,313,,A,0,5.264848103084301,0.6071428571428571
282,LYS,LYS,314,,A,0,9.936733865574089,0.17857142857142858
283,ASP,ASP,315,,A,0,3.0760491607050477,0.16785714285714284
284,VAL,VAL,316,,A,0,,
285,ILE,ILE,317,,A,0,,
286,ALA,ALA,318,,A,0,,
287,ILE,ILE,319,,A,0,,
288,ASN,ASN,320,,A,0,,
289,GLN,GLN,321,,A,0,,
290,ASP,ASP,322,,A,0,4.11290741936505,0.40714285714285714
291,PRO,PRO,323,,A,0,,
292,LEU,LEU,324,,A,0,,
293,GLY,GLY,325,,A,0,,
294,LYS,LYS,326,,A,0,10.404600002844797,0.08571428571428572
295,GLN,GLN,327,,A,0,,
296,GLY,GLY,328,,A,0,,
297,TYR,TYR,329,,A,0,13.5987961512794,0.5178571428571429
298,GLN,GLN,330,,A,0,,
299,LEU,LEU,331,,A,0,,
300,ARG,ARG,332,,A,0,12.76482816679074,0.11428571428571428
301,GLN,GLN,333,,A,0,,
302,GLY,GLY,334,,A,0,,
303,ASP,ASP,335,,A,0,3.868084471692174,0.04642857142857143
304,ASN,ASN,336,,A,0,,
305,PHE,PHE,337,,A,0,,
306,GLU,GLU,338,,A,0,5.599972255443304,0.8035714285714286
307,VAL,VAL,339,,A,0,,
308,TRP,TRP,340,,A,0,,
309,GLU,GLU,341,,A,0,5.757750082931779,0.7357142857142858
310,ARG,ARG,342,,A,0,10.059684852259064,0.9428571428571428
311,PRO,PRO,343,,A,0,,
312,LEU,LEU,344,,A,0,,
313,SER,SER,345,,A,0,,
314,GLY,GLY,346,,A,0,,
315,LEU,LEU,347,,A,0,,
316,ALA,ALA,348,,A,0,,
317,TRP,TRP,349,,A,0,,
318,ALA,ALA,350,,A,0,,
319,VAL,VAL,351,,A,0,,
320,ALA,ALA,352,,A,0,,
321,MET,MET,353,,A,0,,
322,ILE,ILE,354,,A,0,,
323,ASN,ASN,355,,A,0,,
324,ARG,ARG,356,,A,0,14.325413143069488,0.7
325,GLN,GLN,357,,A,0,,
326,GLU,GLU,358,,A,0,4.277255976097539,0.8035714285714286
327,ILE,ILE,359,,A,0,,
328,GLY,GLY,360,,A,0,,
329,GLY,GLY,361,,A,0,,
330,PRO,PRO,362,,A,0,,
331,ARG,ARG,363,,A,0,11.087656449717166,0.49642857142857144
332,SER,SER,364,,A,0,,
333,TYR,TYR,365,,A,0,10.728852163678106,0.37142857142857144
334,THR,THR,366,,A,0,,
335,ILE,ILE,367,,A,0,,
336,ALA,ALA,368,,A,0,,
337,VAL,VAL,369,,A,0,,
338,ALA,ALA,370,,A,0,,
339,SER,SER,371,,A,0,,
340,LEU,LEU,372,,A,0,,
341,GLY,GLY,373,,A,0,,
342,LYS,LYS,374,,A,0,10.100659214562961,0.15357142857142858
343,GLY,GLY,375,,A,0,,
344,VAL,VAL,376,,A,0,,
345,ALA,ALA,377,,A,0,,
346,CYS,CYX,378,,A,0,99.99,0.0
347,ASN,ASN,379,,A,0,,
348,PRO,PRO,380,,A,0,,
349,ALA,ALA,381,,A,0,,
350,CYS,CYX,382,,A,0,99.99,0.0
351,PHE,PHE,383,,A,0,,
352,ILE,ILE,384,,A,0,,
353,THR,THR,385,,A,0,,
354,GLN,GLN,386,,A,0,,
355,LEU,LEU,387,,A,0,,
356,LEU,LEU,388,,A,0,,
357,PRO,PRO,389,,A,0,,
358,VAL,VAL,390,,A,0,,
359,LYS,LYS,391,,A,0,11.43852596467199,0.0
360,ARG,ARG,392,,A,0,12.292039477543414,0.0
361,LYS,LYS,393,,A,0,10.34879301807366,0.0
362,LEU,LEU,394,,A,0,,
363,GLY,GLY,395,,A,0,,
364,PHE,PHE,396,,A,0,,
365,TYR,TYR,397,,A,0,10.862027885254776,0.33214285714285713
366,GLU,GLU,398,,A,0,4.533734211624418,0.0
367,TRP,TRP,399,,A,0,,
368,THR,THR,400,,A,0,,
369,SER,SER,401,,A,0,,
370,ARG,ARG,402,,A,0,12.300525510390994,0.0
371,LEU,LEU,403,,A,0,,
372,ARG,ARG,404,,A,0,12.951296522791129,0.0
373,SER,SER,405,,A,0,,
374,HIS,HID,406,,A,0,5.953868148773927,0.3535714285714286
375,ILE,ILE,407,,A,0,,
376,ASN,ASN,408,,A,0,,
377,PRO,PRO,409,,A,0,,
378,THR,THR,410,,A,0,,
379,GLY,GLY,411,,A,0,,
380,THR,THR,412,,A,0,,
381,VAL,VAL,413,,A,0,,
382,LEU,LEU,414,,A,0,,
383,LEU,LEU,415,,A,0,,
384,GLN,GLN,416,,A,0,,
385,LEU,LEU,417,,A,0,,
386,GLU,GLU,418,,A,0,5.489966007438751,0.3357142857142857
387,ASN,ASN,419,,A,0,,
388,THR,THR,420,,A,0,,
389,MET,MET,421,,A,0,,
390,LEU,LEU,32,,B,0,,
391,ASP,ASP,33,,B,0,4.109012613127876,0.0
392,ASN,ASN,34,,B,0,,
393,GLY,GLY,35,,B,0,,
394,LEU,LEU,36,,B,0,,
395,ALA,ALA,37,,B,0,,
396,ARG,ARG,38,,B,0,12.070931797224896,0.175
397,THR,THR,39,,B,0,,
398,PRO,PRO,40,,B,0,,
399,THR,THR,41,,B,0,,
400,MET,MET,42,,B,0,,
401,GLY,GLY,43,,B,0,,
402,TRP,TRP,44,,B,0,,
403,LEU,LEU,45,,B,0,,
404,HIS,HIE,46,,B,0,4.704813892913268,1.0
405,TRP,TRP,47,,B,0,,
406,GLU,GLH,48,,B,0,10.410775992340566,1.0
407,ARG,ARG,49,,B,0,11.092159059828107,0.9678571428571429
408,PHE,PHE,50,,B,0,,
409,MET,MET,51,,B,0,,
410,CYS,CYX,52,,B,0,99.99,0.0
411,ASN,ASN,53,,B,0,,
412,LEU,LEU,54,,B,0,,
413,ASP,ASP,55,,B,0,3.5188421103025727,0.0
414,CYS,CYX,56,,B,0,99.99,0.0
415,GLN,GLN,57,,B,0,,
416,GLU,GLU,58,,B,0,4.575589890129847,0.0
417,GLU,GLU,59,,B,0,4.902349360010295,0.21071428571428572
418,PRO,PRO,60,,B,0,,
419,ASP,ASP,61,,B,0,3.899100653915322,0.07142857142857142
420,SER,SER,62,,B,0,,
421,CYS,CYX,63,,B,0,99.99,0.0
422,ILE,ILE,64,,B,0,,
423,SER,SER,65,,B,0,,
424,GLU,GLU,66,,B,0,5.191890032658182,0.2392857142857143
425,LYS,LYS,67,,B,0,10.494820892533532,0.0
426,LEU,LEU,68,,B,0,,
427,PHE,PHE,69,,B,0,,
428,MET,MET,70,,B,0,,
429,GLU,GLU,71,,B,0,4.7354998479297095,0.09285714285714286
430,MET,MET,72,,B,0,,
431,ALA,ALA,73,,B,0,,
432,GLU,GLU,74,,B,0,4.050292240862915,0.0
433,LEU,LEU,75,,B,0,,
434,MET,MET,76,,B,0,,
435,VAL,VAL,77,,B,0,,
436,SER,SER,78,,B,0,,
437,GLU,GLU,79,,B,0,3.562836291577722,0.0
438,GLY,GLY,80,,B,0,,
439,TRP,TRP,81,,B,0,,
440,LYS,LYS,82,,B,0,10.491441781753773,0.0
441,ASP,ASP,83,,B,0,3.4704584044362092,0.0
442,ALA,ALA,84,,B,0,,
443,GLY,GLY,85,,B,0,,
444,TYR,TYR,86,,B,0,13.477600493000997,1.0
445,GLU,GLU,87,,B,0,6.05620292572169,0.45357142857142857
446,TYR,TYR,88,,B,0,12.749462601560687,0.7357142857142858
447,LEU,LEU,89,,B,0,,
448,CYS,CYS,90,,B,0,13.068581709060346,1.0
449,ILE,ILE,91,,B,0,,
450,ASP,ASP,92,,B,0,2.9246124963074056,1.0
451,ASP,ASP,93,,B,0,6.534851261585293,0.7678571428571429
452,CYS,CYX,94,,B,0,99.99,0.0
453,TRP,TRP,95,,B,0,,
454,MET,MET,96,,B,0,,
455,ALA,ALA,97,,B,0,,
456,PRO,PRO,98,,B,0,,
457,GLN,GLN,99,,B,0,,
458,ARG,ARG,100,,B,0,12.413235052331338,0.5321428571428571
459,ASP,ASP,101,,B,0,2.4307583776570714,0.0
460,SER,SER,102,,B,0,,
461,GLU,GLU,103,,B,0,4.381923183740913,0.0
462,GLY,GLY,104,,B,0,,
463,ARG,ARG,105,,B,0,13.030008118244785,0.0
464,LEU,LEU,106,,B,0,,
465,GLN,GLN,107,,B,0,,
466,ALA,ALA,108,,B,0,,
467,ASP,ASP,109,,B,0,3.2116824313999333,0.2571428571428571
468,PRO,PRO,110,,B,0,,
469,GLN,GLN,111,,B,0,,
470,ARG,ARG,112,,B,0,11.717757554141285,0.5464285714285714
471,PHE,PHE,113,,B,0,,
472,PRO,PRO,114,,B,0,,
473,HIS,HID,115,,B,0,6.579653485927244,0.0
474,GLY,GLY,116,,B,0,,
475,ILE,ILE,117,,B,0,,
476,ARG,ARG,118,,B,0,11.978619842956995,0.05357142857142857
477,GLN,GLN,119,,B,0,,
478,LEU,LEU,120,,B,0,,
479,ALA,ALA,121,,B,0,,
480,ASN,ASN,122,,B,0,,
481,TYR,TYR,123,,B,0,11.883817217054652,0.12142857142857143
482,VAL,VAL,124,,B,0,,
483,HIS,HID,125,,B,0,6.556756097052408,0.31785714285714284
484,SER,SER,126,,B,0,,
485,LYS,LYS,127,,B,0,10.393032696224951,0.0
486,GLY,GLY,128,,B,0,,
487,LEU,LEU,129,,B,0,,
488,LYS,LYS,130,,B,0,10.499302887494776,0.28214285714285714
489,LEU,LEU,131,,B,0,,
490,GLY,GLY,132,,B,0,,
491,ILE,ILE,133,,B,0,,
492,TYR,TYR,134,,B,0,21.94828976943911,1.0
493,ALA,ALA,135,,B,0,,
494,ASP,ASH,136,,B,0,9.36012860677733,0.9071428571428571
495,VAL,VAL,137,,B,0,,
496,GLY,GLY,138,,B,0,,
497,ASN,ASN,139,,B,0,,
498,LYS,LYS,140,,B,0,10.540546783276083,0.0
499,THR,THR,141,,B,0,,
500,CYS,CYX,142,,B,0,99.99,0.0
501,ALA,ALA,143,,B,0,,
502,GLY,GLY,144,,B,0,,
503,PHE,PHE,145,,B,0,,
504,PRO,PRO,146,,B,0,,
505,GLY,GLY,147,,B,0,,
506,SER,SER,148,,B,0,,
507,PHE,PHE,149,,B,0,,
508,GLY,GLY,150,,B,0,,
509,TYR,TYR,151,,B,0,10.007605274013697,0.0
510,TYR,TYR,152,,B,0,13.251798568096442,0.7178571428571429
511,ASP,ASP,153,,B,0,3.6879569257030256,0.060714285714285714
512,ILE,ILE,154,,B,0,,
513,ASP,ASP,155,,B,0,6.6261369548618685,0.8857142857142857
514,ALA,ALA,156,,B,0,,
515,GLN,GLN,157,,B,0,,
516,THR,THR,158,,B,0,,
517,PHE,PHE,159,,B,0,,
518,ALA,ALA,160,,B,0,,
519,ASP,ASP,161,,B,0,4.176799909088308,0.06428571428571428
520,TRP,TRP,162,,B,0,,
521,GLY,GLY,163,,B,0,,
522,VAL,VAL,164,,B,0,,
523,ASP,ASP,165,,B,0,5.041190009159137,0.6642857142857143
524,LEU,LEU,166,,B,0,,
525,LEU,LEU,167,,B,0,,
526,LYS,LYS,168,,B,0,13.417100957143543,1.0
527,PHE,PHE,169,,B,0,,
528,ASP,ASP,170,,B,0,4.213176474069009,1.0
529,GLY,GLY,171,,B,0,,
530,CYS,CYX,172,,B,0,99.99,0.0
531,TYR,TYR,173,,B,0,10.084003628346887,0.0
532,CYS,CYS,174,,B,0,11.575769049595005,0.5928571428571429
533,ASP,ASP,175,,B,0,4.431100564761589,0.0
534,SER,SER,176,,B,0,,
535,LEU,LEU,177,,B,0,,
536,GLU,GLU,178,,B,0,4.2757444002647995,0.0
537,ASN,ASN,179,,B,0,,
538,LEU,LEU,180,,B,0,,
539,ALA,ALA,181,,B,0,,
540,ASP,ASP,182,,B,0,4.20401516254022,0.19642857142857142
541,GLY,GLY,183,,B,0,,
542,TYR,TYR,184,,B,0,18.351711404971468,1.0
543,LYS,LYS,185,,B,0,11.698308526220584,0.1357142857142857
544,HIS,HIE,186,,B,0,6.183156042266305,0.175
545,MET,MET,187,,B,0,,
546,SER,SER,188,,B,0,,
547,LEU,LEU,189,,B,0,,
548,ALA,ALA,190,,B,0,,
549,LEU,LEU,191,,B,0,,
550,ASN,ASN,192,,B,0,,
551,ARG,ARG,193,,B,0,12.446196370649426,0.0
552,THR,THR,194,,B,0,,
553,GLY,GLY,195,,B,0,,
554,ARG,ARG,196,,B,0,12.146458874043097,0.32857142857142857
555,SER,SER,197,,B,0,,
556,ILE,ILE,198,,B,0,,
557,VAL,VAL,199,,B,0,,
558,TYR,TYR,200,,B,0,14.845692250057105,1.0
559,SER,SER,201,,B,0,,
560,CYS,CYX,202,,B,0,99.99,0.0
561,GLU,GLH,203,,B,0,10.60257849056465,1.0
562,TRP,TRP,204,,B,0,,
563,PRO,PRO,205,,B,0,,
564,LEU,LEU,206,,B,0,,
565,TYR,TYR,207,,B,0,16.825194141658383,0.7892857142857143
566,MET,MET,208,,B,0,,
567,TRP,TRP,209,,B,0,,
568,PRO,PRO,210,,B,0,,
569,PHE,PHE,211,,B,0,,
570,GLN,GLN,212,,B,0,,
571,LYS,LYS,213,,B,0,10.210135175851835,0.0
572,PRO,PRO,214,,B,0,,
573,ASN,ASN,215,,B,0,,
574,TYR,TYR,216,,B,0,13.128459516159946,0.8071428571428572
575,THR,THR,217,,B,0,,
576,GLU,GLU,218,,B,0,4.083991438807163,0.2392857142857143
577,ILE,ILE,219,,B,0,,
578,ARG,ARG,220,,B,0,10.79713406864041,0.6678571428571428
579,GLN,GLN,221,,B,0,,
580,TYR,TYR,222,,B,0,10.510575136722554,0.22857142857142856
581,CYS,CYX,223,,B,0,99.99,0.0
582,ASN,ASN,224,,B,0,,
583,HIS,HIE,225,,B,0,4.44125114046325,1.0
584,TRP,TRP,226,,B,0,,
585,ARG,ARG,227,,B,0,17.201851517199284,1.0
586,ASN,ASN,228,,B,0,,
587,PHE,PHE,229,,B,0,,
588,ALA,ALA,230,,B,0,,
589,ASP,ASP,231,,B,0,2.444301199515513,0.8535714285714285
590,ILE,ILE,232,,B,0,,
591,ASP,ASP,233,,B,0,5.396648111173171,0.5464285714285714
592,ASP,ASP,234,,B,0,6.688446666307278,1.0
593,SER,SER,235,,B,0,,
594,TRP,TRP,236,,B,0,,
595,LYS,LYS,237,,B,0,10.526129940053007,0.0
596,SER,SER,238,,B,0,,
597,ILE,ILE,239,,B,0,,
598,LYS,LYS,240,,B,0,10.06307297303452,0.6464285714285715
599,SER,SER,241,,B,0,,
600,ILE,ILE,242,,B,0,,
601,LEU,LEU,243,,B,0,,
602,ASP,ASP,244,,B,0,3.1654511833025833,0.4642857142857143
603,TRP,TRP,245,,B,0,,
604,THR,THR,246,,B,0,,
605,SER,SER,247,,B,0,,
606,PHE,PHE,248,,B,0,,
607,ASN,ASN,249,,B,0,,
608,GLN,GLN,250,,B,0,,
609,GLU,GLU,251,,B,0,4.601968209253562,0.0
610,ARG,ARG,252,,B,0,12.297999708728605,0.017857142857142856
611,ILE,ILE,253,,B,0,,
612,VAL,VAL,254,,B,0,,
613,ASP,ASP,255,,B,0,3.899195235423959,0.060714285714285714
614,VAL,VAL,256,,B,0,,
615,ALA,ALA,257,,B,0,,
616,GLY,GLY,258,,B,0,,
617,PRO,PRO,259,,B,0,,
618,GLY,GLY,260,,B,0,,
619,GLY,GLY,261,,B,0,,
620,TRP,TRP,262,,B,0,,
621,ASN,ASN,263,,B,0,,
622,ASP,ASP,264,,B,0,4.355645942435389,1.0
623,PRO,PRO,265,,B,0,,
624,ASP,ASP,266,,B,0,6.9402657744910945,1.0
625,MET,MET,267,,B,0,,
626,LEU,LEU,268,,B,0,,
627,VAL,VAL,269,,B,0,,
628,ILE,ILE,270,,B,0,,
629,GLY,GLY,271,,B,0,,
630,ASN,ASN,272,,B,0,,
631,PHE,PHE,273,,B,0,,
632,GLY,GLY,274,,B,0,,
633,LEU,LEU,275,,B,0,,
634,SER,SER,276,,B,0,,
635,TRP,TRP,277,,B,0,,
636,ASN,ASN,278,,B,0,,
637,GLN,GLN,279,,B,0,,
638,GLN,GLN,280,,B,0,,
639,VAL,VAL,281,,B,0,,
640,THR,THR,282,,B,0,,
641,GLN,GLN,283,,B,0,,
642,MET,MET,284,,B,0,,
643,ALA,ALA,285,,B,0,,
644,LEU,LEU,286,,B,0,,
645,TRP,TRP,287,,B,0,,
646,ALA,ALA,288,,B,0,,
647,ILE,ILE,289,,B,0,,
648,MET,MET,290,,B,0,,
649,ALA,ALA,291,,B,0,,
650,ALA,ALA,292,,B,0,,
651,PRO,PRO,293,,B,0,,
652,LEU,LEU,294,,B,0,,
653,PHE,PHE,295,,B,0,,
654,MET,MET,296,,B,0,,
655,SER,SER,297,,B,0,,
656,ASN,ASN,298,,B,0,,
657,ASP,ASP,299,,B,0,4.549162161026695,0.6928571428571428
658,LEU,LEU,300,,B,0,,
659,GLN,GLN,301,,B,0,,
660,HIS,HID,302,,B,0,6.354353017182676,0.2571428571428571
661,ILE,ILE,303,,B,0,,
662,SER,SER,304,,B,0,,
663,PRO,PRO,305,,B,0,,
664,GLN,GLN,306,,B,0,,
665,ALA,ALA,307,,B,0,,
666,LYS,LYS,308,,B,0,11.34052105989872,0.0
667,ALA,ALA,309,,B,0,,
668,LEU,LEU,310,,B,0,,
669,LEU,LEU,311,,B,0,,
670,GLN,GLN,312,,B,0,,
671,ASP,ASP,313,,B,0,5.166747672764603,0.5892857142857143
672,LYS,LYS,314,,B,0,9.947885324784977,0.18214285714285713
673,ASP,ASP,315,,B,0,3.2504195854279736,0.18214285714285713
674,VAL,VAL,316,,B,0,,
675,ILE,ILE,317,,B,0,,
676,ALA,ALA,318,,B,0,,
677,ILE,ILE,319,,B,0,,
678,ASN,ASN,320,,B,0,,
679,GLN,GLN,321,,B,0,,
680,ASP,ASP,322,,B,0,4.539031749847028,0.41785714285714287
681,PRO,PRO,323,,B,0,,
682,LEU,LEU,324,,B,0,,
683,GLY,GLY,325,,B,0,,
684,LYS,LYS,326,,B,0,10.404001526896257,0.07857142857142857
685,GLN,GLN,327,,B,0,,
686,GLY,GLY,328,,B,0,,
687,TYR,TYR,329,,B,0,13.40024442869405,0.475
688,GLN,GLN,330,,B,0,,
689,LEU,LEU,331,,B,0,,
690,ARG,ARG,332,,B,0,12.91474260765156,0.125
691,GLN,GLN,333,,B,0,,
692,GLY,GLY,334,,B,0,,
693,ASP,ASP,335,,B,0,3.832394588885951,0.02142857142857143
694,ASN,ASN,336,,B,0,,
695,PHE,PHE,337,,B,0,,
696,GLU,GLU,338,,B,0,5.374949874723402,0.8178571428571428
697,VAL,VAL,339,,B,0,,
698,TRP,TRP,340,,B,0,,
699,GLU,GLU,341,,B,0,5.4823246396762615,0.7107142857142857
700,ARG,ARG,342,,B,0,10.084948098161899,0.9285714285714286
701,PRO,PRO,343,,B,0,,
702,LEU,LEU,344,,B,0,,
703,SER,SER,345,,B,0,,
704,GLY,GLY,346,,B,0,,
705,LEU,LEU,347,,B,0,,
706,ALA,ALA,348,,B,0,,
707,TRP,TRP,349,,B,0,,
708,ALA,ALA,350,,B,0,,
709,VAL,VAL,351,,B,0,,
710,ALA,ALA,352,,B,0,,
711,MET,MET,353,,B,0,,
712,ILE,ILE,354,,B,0,,
713,ASN,ASN,355,,B,0,,
714,ARG,ARG,356,,B,0,14.454310811332324,0.6892857142857143
715,GLN,GLN,357,,B,0,,
716,GLU,GLU,358,,B,0,4.270827354499515,0.7857142857142857
717,ILE,ILE,359,,B,0,,
718,GLY,GLY,360,,B,0,,
719,GLY,GLY,361,,B,0,,
720,PRO,PRO,362,,B,0,,
721,ARG,ARG,363,,B,0,11.264109604256808,0.4607142857142857
722,SER,SER,364,,B,0,,
723,TYR,TYR,365,,B,0,10.565214378897506,0.3678571428571429
724,THR,THR,366,,B,0,,
725,ILE,ILE,367,,B,0,,
726,ALA,ALA,368,,B,0,,
727,VAL,VAL,369,,B,0,,
728,ALA,ALA,370,,B,0,,
729,SER,SER,371,,B,0,,
730,LEU,LEU,372,,B,0,,
731,GLY,GLY,373,,B,0,,
732,LYS,LYS,374,,B,0,10.125076792959076,0.1392857142857143
733,GLY,GLY,375,,B,0,,
734,VAL,VAL,376,,B,0,,
735,ALA,ALA,377,,B,0,,
736,CYS,CYX,378,,B,0,99.99,0.0
737,ASN,ASN,379,,B,0,,
738,PRO,PRO,380,,B,0,,
739,ALA,ALA,381,,B,0,,
740,CYS,CYX,382,,B,0,99.99,0.0
741,PHE,PHE,383,,B,0,,
742,ILE,ILE,384,,B,0,,
743,THR,THR,385,,B,0,,
744,GLN,GLN,386,,B,0,,
745,LEU,LEU,387,,B,0,,
746,LEU,LEU,388,,B,0,,
747,PRO,PRO,389,,B,0,,
748,VAL,VAL,390,,B,0,,
749,LYS,LYS,391,,B,0,11.31539214263166,0.0
750,ARG,ARG,392,,B,0,12.279824799838423,0.0
751,LYS,LYS,393,,B,0,10.343435921961147,0.0
752,LEU,LEU,394,,B,0,,
753,GLY,GLY,395,,B,0,,
754,PHE,PHE,396,,B,0,,
755,TYR,TYR,397,,B,0,10.943497531806933,0.3535714285714286
756,GLU,GLU,398,,B,0,4.851319423300936,0.0
757,TRP,TRP,399,,B,0,,
758,THR,THR,400,,B,0,,
759,SER,SER,401,,B,0,,
760,ARG,ARG,402,,B,0,12.3094548742083,0.0
761,LEU,LEU,403,,B,0,,
762,ARG,ARG,404,,B,0,12.983174628114494,0.0
763,SER,SER,405,,B,0,,
764,HIS,HID,406,,B,0,5.914985894739797,0.325
765,ILE,ILE,407,,B,0,,
766,ASN,ASN,408,,B,0,,
767,PRO,PRO,409,,B,0,,
768,THR,THR,410,,B,0,,
769,GLY,GLY,411,,B,0,,
770,THR,THR,412,,B,0,,
771,VAL,VAL,413,,B,0,,
772,LEU,LEU,414,,B,0,,
773,LEU,LEU,415,,B,0,,
774,GLN,GLN,416,,B,0,,
775,LEU,LEU,417,,B,0,,
776,GLU,GLU,418,,B,0,5.5152559176137546,0.3535714285714286
777,ASN,ASN,419,,B,0,,
778,THR,THR,420,,B,0,,
779,MET,MET,421,,B,0,,
780,GLN,GLN,422,,B,0,,
781,NAG,NAG,2,,C,1,,
782,NAG,NAG,3,,C,1,,
783,MAN,MAN,4,,C,1,,
784,MAN,MAN,5,,C,1,,
785,MAN,MAN,6,,C,1,,
786,NAG,NAG,2,,D,2,,
787,NAG,NAG,3,,D,2,,
788,MAN,MAN,4,,D,2,,
789,MAN,MAN,5,,D,2,,
790,MAN,MAN,6,,D,2,,
791,NAG,NAG,2,,E,3,,
792,NAG,NAG,3,,E,3,,
793,MAN,MAN,4,,E,3,,
794,MAN,MAN,5,,E,3,,
795,MAN,MAN,6,,E,3,,
796,NAG,NAG,2,,F,4,,
797,NAG,NAG,3,,F,4,,
798,MAN,MAN,4,,F,4,,
799,MAN,MAN,5,,F,4,,
800,MAN,MAN,6,,F,4,,
801,NAG,NAG,2,,G,5,,
802,NAG,NAG,3,,G,5,,
803,MAN,MAN,4,,G,5,,
804,MAN,MAN,5,,G,5,,
805,MAN,MAN,6,,G,5,,
806,NAG,NAG,2,,H,6,,
807,NAG,NAG,3,,H,6,,
808,MAN,MAN,4,,H,6,,
809,MAN,MAN,5,,H,6,,
810,MAN,MAN,6,,H,6,,
