Identifier,StructureData,,,,,
Entry ID,Deposition Date,Ligand,PDB ID,Refinement Resolution (Å),Structure Title,
"1R46","2003-10-03",,"1R46","3.25","Structure of human alpha-galactosidase"
"1R47","2003-10-03",,"1R47","3.45","Structure of human alpha-galactosidase"
"3GXN","2009-04-02",,"3GXN","3.01","Crystal structure of apo alpha-galactosidase A at pH 4.5"
"3GXP","2009-04-02",,"3GXP","2.2","Crystal structure of acid-alpha-galactosidase A complexed with galactose at pH 4.5"
"3GXT","2009-04-02",,"3GXT","2.7","Crystal structure of alpha-galactosidase A at pH 4.5 complexed with 1-deoxygalactonijirimycin"
"3HG2","2009-05-13",,"3HG2","2.3","Human alpha-galactosidase catalytic mechanism 1. Empty active site"
"3HG3","2009-05-13",,"3HG3","1.9","Human alpha-galactosidase catalytic mechanism 2. Substrate bound"
"3HG4","2009-05-13",,"3HG4","2.3","Human alpha-galactosidase catalytic mechanism 3. Covalent intermediate"
"3HG5","2009-05-13",,"3HG5","2.3","Human alpha-galactosidase catalytic mechanism 4. Product bound"
"3LX9","2010-02-25",,"3LX9","2.04","Interconversion of Human Lysosomal Enzyme Specificities"
"3LXA","2010-02-25",,"3LXA","3.04","Interconversion of Human Lysosomal Enzyme Specificities"
"3LXB","2010-02-25",,"3LXB","2.85","Interconversion of Human Lysosomal Enzyme Specificities"
"3LXC","2010-02-25",,"3LXC","2.35","Interconversion of Human Lysosomal Enzyme Specificities"
"3S5Y","2011-05-23","DGJ","3S5Y","2.105","Pharmacological Chaperoning in Human alpha-Galactosidase"
"3S5Z","2011-05-23",,"3S5Z","2.001","Pharmacological Chaperoning in Human alpha-Galactosidase"
"3TV8","2011-09-19","DGJ","3TV8","2.639","Pharmacological Chaperoning in Human alpha-Galactosidase"
"4NXS","2013-12-09","2OZ","4NXS","2.5493","Crystal structure of human alpha-galactosidase A in complex with 1-deoxygalactonojirimycin-pFPhT"
"6IBK","2018-11-30",,"6IBK","1.99","Crystal structure of human alpha-galactosidase A in complex with alpha-galactose configured cyclosulfamidate ME763"
"6IBM","2018-11-30",,"6IBM","2.07","Crystal structure of human alpha-galactosidase A in complex with alpha-galactose configured cyclosulfate ME776"
"6IBR","2018-11-30",,"6IBR","2.02","Crystal structure of human alpha-galactosidase A in complex with alpha-galactose configured cyclophellitol epoxide LWA481"
"6IBT","2018-11-30",,"6IBT","2.04","Crystal structure of human alpha-galactosidase A in complex with alpha-galactose configured cyclophellitol aziridine ME737"
"8K7D","2023-07-26","VLN","8K7D","2.61","Crystal structure of human lysosomal alpha-galactosidase A in complex with (2R,3R,4S,5R)-2-(aminomethyl)-5-(hydroxymethyl)pyrrolidine-3,4-diol"
"8K7E","2023-07-26","VLN","8K7E","2.2","Crystal structure of human lysosomal alpha-galactosidase A in complex with (2R,3R,4S,5R)-2-(aminomethyl)-5-(hydroxymethyl)pyrrolidine-3,4-diol"
"8K7F","2023-07-26","VMF","8K7F","1.98","Crystal structure of human lysosomal alpha-galactosidase A in complex with (2R,3S,4R,5R)-2,5-bis(hydroxymethyl)pyrrolidine-3,4-diol"
"8K7G","2023-07-26","VMF","8K7G","2.32","Crystal structure of human lysosomal alpha-galactosidase A in complex with (2R,3S,4R,5R)-2,5-bis(hydroxymethyl)pyrrolidine-3,4-diol"
"8K7H","2023-07-26",,"8K7H","2.28","Crystal structure of human lysosomal alpha-galactosidase A in complex with (2R,3S,4R)-2-(hydroxymethyl)-1-methylpyrrolidine-3,4-diol"
"8K7I","2023-07-26",,"8K7I","2.12","Crystal structure of human lysosomal alpha-galactosidase A in complex with (2R,3S,4R,5R)-2-(hydroxymethyl)-5-((methylamino)methyl)pyrrolidine-3,4-diol"
"8K7J","2023-07-26",,"8K7J","2.01","Crystal structure of human lysosomal alpha-galactosidase A in complex with (2R,3R,4S,5R)-2-((dimethylamino)methyl)-5-(hydroxymethyl)pyrrolidine-3,4-diol"
"8K7K","2023-07-26",,"8K7K","2","Crystal structure of human lysosomal alpha-galactosidase A in complex with (2R,3S,4R,5R)-2,5-bis(hydroxymethyl)-1-methylpyrrolidine-3,4-diol"
"8K7L","2023-07-26",,"8K7L","2","Crystal structure of human lysosomal alpha-galactosidase A in complex with (2R,3R,4S,5R)-2-(aminomethyl)-5-(hydroxymethyl)-1-methylpyrrolidine-3,4-diol"
"9AVS","2024-03-04",,"9AVS","3.53","Human alpha-galactosidase A in complex with saposin B"
