,resname,protonation,resid,insertion,chain,segid,pKa,buried
0,LEU,LEU,32,,A,,,
1,ASP,ASP,33,,A,,3.6679154844404485,0.0
2,ASN,ASN,34,,A,,,
3,GLY,GLY,35,,A,,,
4,LEU,LEU,36,,A,,,
5,ALA,ALA,37,,A,,,
6,ARG,ARG,38,,A,,12.101806154890847,0.17142857142857143
7,THR,THR,39,,A,,,
8,PRO,PRO,40,,A,,,
9,THR,THR,41,,A,,,
10,MET,MET,42,,A,,,
11,GLY,GLY,43,,A,,,
12,TRP,TRP,44,,A,,,
13,LEU,LEU,45,,A,,,
14,HIS,HIE,46,,A,,4.137812982361407,1.0
15,TRP,TRP,47,,A,,,
16,GLU,GLH,48,,A,,9.931639979044268,1.0
17,ARG,ARG,49,,A,,10.93753751688153,0.9214285714285714
18,PHE,PHE,50,,A,,,
19,MET,MET,51,,A,,,
20,CYS,CYX,52,,A,,99.99,0.0
21,ASN,ASN,53,,A,,,
22,LEU,LEU,54,,A,,,
23,ASP,ASP,55,,A,,3.345935381989561,0.0
24,CYS,CYX,56,,A,,99.99,0.0
25,GLN,GLN,57,,A,,,
26,GLU,GLU,58,,A,,4.940162107782679,0.0
27,GLU,GLU,59,,A,,4.611542556744143,0.32857142857142857
28,PRO,PRO,60,,A,,,
29,ASP,ASP,61,,A,,3.795953923022916,0.0
30,SER,SER,62,,A,,,
31,CYS,CYX,63,,A,,99.99,0.0
32,ILE,ILE,64,,A,,,
33,SER,SER,65,,A,,,
34,GLU,GLU,66,,A,,3.746387521957678,0.2392857142857143
35,LYS,LYS,67,,A,,10.571217725958228,0.0
36,LEU,LEU,68,,A,,,
37,PHE,PHE,69,,A,,,
38,MET,MET,70,,A,,,
39,GLU,GLU,71,,A,,4.747558570828087,0.23214285714285715
40,MET,MET,72,,A,,,
41,ALA,ALA,73,,A,,,
42,GLU,GLU,74,,A,,4.310026668585982,0.02857142857142857
43,LEU,LEU,75,,A,,,
44,MET,MET,76,,A,,,
45,VAL,VAL,77,,A,,,
46,SER,SER,78,,A,,,
47,GLU,GLU,79,,A,,3.812444082914516,0.0
48,GLY,GLY,80,,A,,,
49,TRP,TRP,81,,A,,,
50,LYS,LYS,82,,A,,10.713324389520656,0.0
51,ASP,ASP,83,,A,,3.7418938085744573,0.0
52,ALA,ALA,84,,A,,,
53,GLY,GLY,85,,A,,,
54,TYR,TYR,86,,A,,13.603367066402956,1.0
55,GLU,GLU,87,,A,,6.166192250894369,0.5071428571428571
56,TYR,TYR,88,,A,,13.01316656013734,0.875
57,LEU,LEU,89,,A,,,
58,CYS,CYS,90,,A,,12.949384942209715,1.0
59,ILE,ILE,91,,A,,,
60,ASP,ASP,92,,A,,3.2753049725374135,1.0
61,ASP,ASP,93,,A,,6.069323960697852,0.8071428571428572
62,CYS,CYX,94,,A,,99.99,0.0
63,TRP,TRP,95,,A,,,
64,MET,MET,96,,A,,,
65,ALA,ALA,97,,A,,,
66,PRO,PRO,98,,A,,,
67,GLN,GLN,99,,A,,,
68,ARG,ARG,100,,A,,13.014055529014943,0.6214285714285714
69,ASP,ASP,101,,A,,2.2136371989086374,0.0
70,SER,SER,102,,A,,,
71,GLU,GLU,103,,A,,4.5556992253658875,0.0
72,GLY,GLY,104,,A,,,
73,ARG,ARG,105,,A,,13.364671445282646,0.0
74,LEU,LEU,106,,A,,,
75,GLN,GLN,107,,A,,,
76,ALA,ALA,108,,A,,,
77,ASP,ASP,109,,A,,3.5190245771032784,0.2785714285714286
78,PRO,PRO,110,,A,,,
79,GLN,GLN,111,,A,,,
80,ARG,ARG,112,,A,,11.07705514965621,0.5928571428571429
81,PHE,PHE,113,,A,,,
82,PRO,PRO,114,,A,,,
83,HIS,HIP,115,,A,,7.432485836027314,0.0
84,GLY,GLY,116,,A,,,
85,ILE,ILE,117,,A,,,
86,ARG,ARG,118,,A,,12.341824927203481,0.0
87,GLN,GLN,119,,A,,,
88,LEU,LEU,120,,A,,,
89,ALA,ALA,121,,A,,,
90,ASN,ASN,122,,A,,,
91,TYR,TYR,123,,A,,11.575407167851008,0.11071428571428571
92,VAL,VAL,124,,A,,,
93,HIS,HIE,125,,A,,6.532991018853408,0.33214285714285713
94,SER,SER,126,,A,,,
95,LYS,LYS,127,,A,,10.360327324862823,0.0
96,GLY,GLY,128,,A,,,
97,LEU,LEU,129,,A,,,
98,LYS,LYS,130,,A,,10.425032754178446,0.41785714285714287
99,LEU,LEU,131,,A,,,
100,GLY,GLY,132,,A,,,
101,ILE,ILE,133,,A,,,
102,TYR,TYR,134,,A,,22.32883422113085,1.0
103,ALA,ALA,135,,A,,,
104,ASP,ASH,136,,A,,10.293573487364085,0.9357142857142857
105,VAL,VAL,137,,A,,,
106,GLY,GLY,138,,A,,,
107,ASN,ASN,139,,A,,,
108,LYS,LYS,140,,A,,10.477536690095064,0.0
109,THR,THR,141,,A,,,
110,CYS,CYX,142,,A,,99.99,0.0
111,ALA,ALA,143,,A,,,
112,GLY,GLY,144,,A,,,
113,PHE,PHE,145,,A,,,
114,PRO,PRO,146,,A,,,
115,GLY,GLY,147,,A,,,
116,SER,SER,148,,A,,,
117,PHE,PHE,149,,A,,,
118,GLY,GLY,150,,A,,,
119,TYR,TYR,151,,A,,10.0763679488846,0.060714285714285714
120,TYR,TYR,152,,A,,13.298198438469937,0.7107142857142857
121,ASP,ASP,153,,A,,3.0488370038029955,0.10357142857142858
122,ILE,ILE,154,,A,,,
123,ASP,ASP,155,,A,,5.096465911424634,0.9321428571428572
124,ALA,ALA,156,,A,,,
125,GLN,GLN,157,,A,,,
126,THR,THR,158,,A,,,
127,PHE,PHE,159,,A,,,
128,ALA,ALA,160,,A,,,
129,ASP,ASP,161,,A,,3.5940291520714327,0.07142857142857142
130,TRP,TRP,162,,A,,,
131,GLY,GLY,163,,A,,,
132,VAL,VAL,164,,A,,,
133,ASP,ASP,165,,A,,3.513729313214258,0.7214285714285714
134,LEU,LEU,166,,A,,,
135,LEU,LEU,167,,A,,,
136,LYS,LYS,168,,A,,14.196733218348044,1.0
137,PHE,PHE,169,,A,,,
138,ASP,ASP,170,,A,,4.308969810811023,1.0
139,GLY,GLY,171,,A,,,
140,CYS,CYX,172,,A,,99.99,0.0
141,TYR,TYR,173,,A,,10.11185079286697,0.0
142,CYS,CYS,174,,A,,11.11318482417472,0.5142857142857142
143,ASP,ASP,175,,A,,4.0447024918366,0.0
144,SER,SER,176,,A,,,
145,LEU,LEU,177,,A,,,
146,GLU,GLU,178,,A,,4.93310947794696,0.0
147,ASN,ASN,179,,A,,,
148,LEU,LEU,180,,A,,,
149,ALA,ALA,181,,A,,,
150,ASP,ASP,182,,A,,3.9242431983203256,0.07142857142857142
151,GLY,GLY,183,,A,,,
152,TYR,TYR,184,,A,,18.402591186138064,1.0
153,LYS,LYS,185,,A,,11.831016940917857,0.11071428571428571
154,HIS,HID,186,,A,,6.201251107448432,0.15357142857142858
155,MET,MET,187,,A,,,
156,SER,SER,188,,A,,,
157,LEU,LEU,189,,A,,,
158,ALA,ALA,190,,A,,,
159,LEU,LEU,191,,A,,,
160,ASN,ASN,192,,A,,,
161,ARG,ARG,193,,A,,13.356721636844608,0.0
162,THR,THR,194,,A,,,
163,GLY,GLY,195,,A,,,
164,ARG,ARG,196,,A,,12.615736059297216,0.39285714285714285
165,SER,SER,197,,A,,,
166,ILE,ILE,198,,A,,,
167,VAL,VAL,199,,A,,,
168,TYR,TYR,200,,A,,15.061333506216076,1.0
169,SER,SER,201,,A,,,
170,CYS,CYX,202,,A,,99.99,0.0
171,GLU,GLU,203,,A,,9.848334459015026,1.0
172,TRP,TRP,204,,A,,,
173,PRO,PRO,205,,A,,,
174,LEU,LEU,206,,A,,,
175,TYR,TYR,207,,A,,16.470650012927734,0.7571428571428571
176,MET,MET,208,,A,,,
177,TRP,TRP,209,,A,,,
178,PRO,PRO,210,,A,,,
179,PHE,PHE,211,,A,,,
180,GLN,GLN,212,,A,,,
181,LYS,LYS,213,,A,,10.055006170690435,0.0
182,PRO,PRO,214,,A,,,
183,SER,SER,215,,A,,,
184,TYR,TYR,216,,A,,12.553502700625799,0.8428571428571429
185,THR,THR,217,,A,,,
186,GLU,GLU,218,,A,,3.4310997275920543,0.2857142857142857
187,ILE,ILE,219,,A,,,
188,ARG,ARG,220,,A,,11.104564494271813,0.5214285714285715
189,GLN,GLN,221,,A,,,
190,TYR,TYR,222,,A,,10.43843764434331,0.18571428571428572
191,CYS,CYX,223,,A,,99.99,0.0
192,ASN,ASN,224,,A,,,
193,HIS,HIE,225,,A,,3.2801731886873555,1.0
194,TRP,TRP,226,,A,,,
195,ARG,ARG,227,,A,,17.876135235858122,1.0
196,ASN,ASN,228,,A,,,
197,PHE,PHE,229,,A,,,
198,ALA,ALA,230,,A,,,
199,ASP,ASP,231,,A,,2.2220944973212724,0.8285714285714286
200,ILE,ILE,232,,A,,,
201,ASP,ASP,233,,A,,5.398946482262588,0.7178571428571429
202,ASP,ASH,234,,A,,7.100784677758549,1.0
203,SER,SER,235,,A,,,
204,TRP,TRP,236,,A,,,
205,LYS,LYS,237,,A,,10.283232349545523,0.0
206,SER,SER,238,,A,,,
207,ILE,ILE,239,,A,,,
208,LYS,LYS,240,,A,,10.541928710366056,0.6178571428571429
209,SER,SER,241,,A,,,
210,ILE,ILE,242,,A,,,
211,LEU,LEU,243,,A,,,
212,ASP,ASP,244,,A,,3.1259178774477663,0.4714285714285714
213,TRP,TRP,245,,A,,,
214,THR,THR,246,,A,,,
215,SER,SER,247,,A,,,
216,PHE,PHE,248,,A,,,
217,ASN,ASN,249,,A,,,
218,GLN,GLN,250,,A,,,
219,GLU,GLU,251,,A,,4.580741407866286,0.0
220,ARG,ARG,252,,A,,12.310527006730721,0.0
221,ILE,ILE,253,,A,,,
222,VAL,VAL,254,,A,,,
223,ASP,ASP,255,,A,,3.8863423527245113,0.060714285714285714
224,VAL,VAL,256,,A,,,
225,ALA,ALA,257,,A,,,
226,GLY,GLY,258,,A,,,
227,PRO,PRO,259,,A,,,
228,GLY,GLY,260,,A,,,
229,GLY,GLY,261,,A,,,
230,TRP,TRP,262,,A,,,
231,ASN,ASN,263,,A,,,
232,ASP,ASP,264,,A,,6.059042915271013,1.0
233,PRO,PRO,265,,A,,,
234,ASP,ASP,266,,A,,4.687216089255798,1.0
235,MET,MET,267,,A,,,
236,LEU,LEU,268,,A,,,
237,VAL,VAL,269,,A,,,
238,ILE,ILE,270,,A,,,
239,GLY,GLY,271,,A,,,
240,ASN,ASN,272,,A,,,
241,PHE,PHE,273,,A,,,
242,GLY,GLY,274,,A,,,
243,LEU,LEU,275,,A,,,
244,SER,SER,276,,A,,,
245,TRP,TRP,277,,A,,,
246,ASN,ASN,278,,A,,,
247,GLN,GLN,279,,A,,,
248,GLN,GLN,280,,A,,,
249,VAL,VAL,281,,A,,,
250,THR,THR,282,,A,,,
251,GLN,GLN,283,,A,,,
252,MET,MET,284,,A,,,
253,ALA,ALA,285,,A,,,
254,LEU,LEU,286,,A,,,
255,TRP,TRP,287,,A,,,
256,ALA,ALA,288,,A,,,
257,ILE,ILE,289,,A,,,
258,MET,MET,290,,A,,,
259,ALA,ALA,291,,A,,,
260,ALA,ALA,292,,A,,,
261,PRO,PRO,293,,A,,,
262,LEU,LEU,294,,A,,,
263,PHE,PHE,295,,A,,,
264,MET,MET,296,,A,,,
265,SER,SER,297,,A,,,
266,ASN,ASN,298,,A,,,
267,ASP,ASP,299,,A,,2.736996090845916,0.6785714285714286
268,LEU,LEU,300,,A,,,
269,ARG,ARG,301,,A,,14.145095735034316,0.5142857142857142
270,HIS,HID,302,,A,,6.194747375263972,0.17142857142857143
271,ILE,ILE,303,,A,,,
272,SER,SER,304,,A,,,
273,PRO,PRO,305,,A,,,
274,GLN,GLN,306,,A,,,
275,ALA,ALA,307,,A,,,
276,LYS,LYS,308,,A,,10.910984888276946,0.0
277,ALA,ALA,309,,A,,,
278,LEU,LEU,310,,A,,,
279,LEU,LEU,311,,A,,,
280,GLN,GLN,312,,A,,,
281,ASP,ASP,313,,A,,5.088218309936135,0.5714285714285714
282,LYS,LYS,314,,A,,10.464870384043708,0.0
283,ASP,ASP,315,,A,,3.32662550825735,0.18571428571428572
284,VAL,VAL,316,,A,,,
285,ILE,ILE,317,,A,,,
286,ALA,ALA,318,,A,,,
287,ILE,ILE,319,,A,,,
288,ASN,ASN,320,,A,,,
289,GLN,GLN,321,,A,,,
290,ASP,ASP,322,,A,,3.7507881378273478,0.38571428571428573
291,PRO,PRO,323,,A,,,
292,LEU,LEU,324,,A,,,
293,GLY,GLY,325,,A,,,
294,LYS,LYS,326,,A,,10.246581171857159,0.06428571428571428
295,GLN,GLN,327,,A,,,
296,GLY,GLY,328,,A,,,
297,TYR,TYR,329,,A,,13.403716749146819,0.5357142857142857
298,GLN,GLN,330,,A,,,
299,LEU,LEU,331,,A,,,
300,ARG,ARG,332,,A,,13.054696831191416,0.11785714285714285
301,GLN,GLN,333,,A,,,
302,GLY,GLY,334,,A,,,
303,ASP,ASP,335,,A,,3.7659918229140574,0.025
304,ASN,ASN,336,,A,,,
305,PHE,PHE,337,,A,,,
306,GLU,GLU,338,,A,,5.437165723029953,0.7821428571428571
307,VAL,VAL,339,,A,,,
308,TRP,TRP,340,,A,,,
309,GLU,GLU,341,,A,,5.605451684834291,0.7214285714285714
310,ARG,ARG,342,,A,,9.960770334511901,0.9357142857142857
311,PRO,PRO,343,,A,,,
312,LEU,LEU,344,,A,,,
313,SER,SER,345,,A,,,
314,GLY,GLY,346,,A,,,
315,LEU,LEU,347,,A,,,
316,ALA,ALA,348,,A,,,
317,TRP,TRP,349,,A,,,
318,ALA,ALA,350,,A,,,
319,VAL,VAL,351,,A,,,
320,ALA,ALA,352,,A,,,
321,MET,MET,353,,A,,,
322,ILE,ILE,354,,A,,,
323,ASN,ASN,355,,A,,,
324,ARG,ARG,356,,A,,14.198008390098805,0.7357142857142858
325,GLN,GLN,357,,A,,,
326,GLU,GLU,358,,A,,4.321913872041633,0.8178571428571428
327,ILE,ILE,359,,A,,,
328,GLY,GLY,360,,A,,,
329,GLY,GLY,361,,A,,,
330,PRO,PRO,362,,A,,,
331,ARG,ARG,363,,A,,10.995070281757354,0.4714285714285714
332,SER,SER,364,,A,,,
333,TYR,TYR,365,,A,,10.450470643074867,0.3892857142857143
334,THR,THR,366,,A,,,
335,ILE,ILE,367,,A,,,
336,ALA,ALA,368,,A,,,
337,VAL,VAL,369,,A,,,
338,ALA,ALA,370,,A,,,
339,SER,SER,371,,A,,,
340,LEU,LEU,372,,A,,,
341,GLY,GLY,373,,A,,,
342,LYS,LYS,374,,A,,10.489037392940695,0.02142857142857143
343,GLY,GLY,375,,A,,,
344,VAL,VAL,376,,A,,,
345,ALA,ALA,377,,A,,,
346,CYS,CYX,378,,A,,99.99,0.0
347,ASN,ASN,379,,A,,,
348,PRO,PRO,380,,A,,,
349,ALA,ALA,381,,A,,,
350,CYS,CYX,382,,A,,99.99,0.0
351,PHE,PHE,383,,A,,,
352,ILE,ILE,384,,A,,,
353,THR,THR,385,,A,,,
354,GLN,GLN,386,,A,,,
355,LEU,LEU,387,,A,,,
356,LEU,LEU,388,,A,,,
357,PRO,PRO,389,,A,,,
358,VAL,VAL,390,,A,,,
359,LYS,LYS,391,,A,,11.375076316808583,0.0
360,ARG,ARG,392,,A,,12.254679342868005,0.0
361,LYS,LYS,393,,A,,10.32666915775749,0.0
362,LEU,LEU,394,,A,,,
363,GLY,GLY,395,,A,,,
364,PHE,PHE,396,,A,,,
365,TYR,TYR,397,,A,,10.841115597244778,0.275
366,GLU,GLU,398,,A,,4.631378549897956,0.0
367,TRP,TRP,399,,A,,,
368,THR,THR,400,,A,,,
369,SER,SER,401,,A,,,
370,ARG,ARG,402,,A,,12.392032819009954,0.0
371,LEU,LEU,403,,A,,,
372,ARG,ARG,404,,A,,13.35578254915165,0.0
373,SER,SER,405,,A,,,
374,HIS,HID,406,,A,,5.6814143989116666,0.3535714285714286
375,ILE,ILE,407,,A,,,
376,ASN,ASN,408,,A,,,
377,PRO,PRO,409,,A,,,
378,THR,THR,410,,A,,,
379,GLY,GLY,411,,A,,,
380,THR,THR,412,,A,,,
381,VAL,VAL,413,,A,,,
382,LEU,LEU,414,,A,,,
383,LEU,LEU,415,,A,,,
384,GLN,GLN,416,,A,,,
385,LEU,LEU,417,,A,,,
386,GLU,GLU,418,,A,,4.573773674851737,0.225
387,ASN,ASN,419,,A,,,
388,THR,THR,420,,A,,,
389,MET,MET,421,,A,,,
390,LEU,LEU,32,,B,,,
391,ASP,ASP,33,,B,,3.73866479395122,0.025
392,ASN,ASN,34,,B,,,
393,GLY,GLY,35,,B,,,
394,LEU,LEU,36,,B,,,
395,ALA,ALA,37,,B,,,
396,ARG,ARG,38,,B,,12.11558897840237,0.16071428571428573
397,THR,THR,39,,B,,,
398,PRO,PRO,40,,B,,,
399,THR,THR,41,,B,,,
400,MET,MET,42,,B,,,
401,GLY,GLY,43,,B,,,
402,TRP,TRP,44,,B,,,
403,LEU,LEU,45,,B,,,
404,HIS,HIE,46,,B,,4.163058130976572,1.0
405,TRP,TRP,47,,B,,,
406,GLU,GLH,48,,B,,9.98876014200892,1.0
407,ARG,ARG,49,,B,,10.739899737751362,0.9071428571428571
408,PHE,PHE,50,,B,,,
409,MET,MET,51,,B,,,
410,CYS,CYX,52,,B,,99.99,0.0
411,ASN,ASN,53,,B,,,
412,LEU,LEU,54,,B,,,
413,ASP,ASP,55,,B,,3.59003288308124,0.0
414,CYS,CYX,56,,B,,99.99,0.0
415,GLN,GLN,57,,B,,,
416,GLU,GLU,58,,B,,3.9661778860486203,0.0
417,GLU,GLU,59,,B,,4.583635975343911,0.2785714285714286
418,PRO,PRO,60,,B,,,
419,ASP,ASP,61,,B,,3.7931093735081207,0.0
420,SER,SER,62,,B,,,
421,CYS,CYX,63,,B,,99.99,0.0
422,ILE,ILE,64,,B,,,
423,SER,SER,65,,B,,,
424,GLU,GLU,66,,B,,4.0077193160917695,0.2357142857142857
425,LYS,LYS,67,,B,,10.565458249838946,0.0
426,LEU,LEU,68,,B,,,
427,PHE,PHE,69,,B,,,
428,MET,MET,70,,B,,,
429,GLU,GLU,71,,B,,4.789861086533606,0.2571428571428571
430,MET,MET,72,,B,,,
431,ALA,ALA,73,,B,,,
432,GLU,GLU,74,,B,,4.161144107748349,0.04642857142857143
433,LEU,LEU,75,,B,,,
434,MET,MET,76,,B,,,
435,VAL,VAL,77,,B,,,
436,SER,SER,78,,B,,,
437,GLU,GLU,79,,B,,3.716469569432846,0.0
438,GLY,GLY,80,,B,,,
439,TRP,TRP,81,,B,,,
440,LYS,LYS,82,,B,,10.434955682409614,0.0
441,ASP,ASP,83,,B,,3.798506558385411,0.0
442,ALA,ALA,84,,B,,,
443,GLY,GLY,85,,B,,,
444,TYR,TYR,86,,B,,13.572143829082153,1.0
445,GLU,GLU,87,,B,,6.032950369276533,0.475
446,TYR,TYR,88,,B,,12.765993093024504,0.7821428571428571
447,LEU,LEU,89,,B,,,
448,CYS,CYS,90,,B,,13.05919988501458,1.0
449,ILE,ILE,91,,B,,,
450,ASP,ASP,92,,B,,3.2216645849572796,1.0
451,ASP,ASP,93,,B,,6.130828563835063,0.8071428571428572
452,CYS,CYX,94,,B,,99.99,0.0
453,TRP,TRP,95,,B,,,
454,MET,MET,96,,B,,,
455,ALA,ALA,97,,B,,,
456,PRO,PRO,98,,B,,,
457,GLN,GLN,99,,B,,,
458,ARG,ARG,100,,B,,13.01183694339067,0.6071428571428571
459,ASP,ASP,101,,B,,2.419761167916145,0.0
460,SER,SER,102,,B,,,
461,GLU,GLU,103,,B,,4.553876319614083,0.0
462,GLY,GLY,104,,B,,,
463,ARG,ARG,105,,B,,13.280537070896658,0.0
464,LEU,LEU,106,,B,,,
465,GLN,GLN,107,,B,,,
466,ALA,ALA,108,,B,,,
467,ASP,ASP,109,,B,,3.5412847215354617,0.275
468,PRO,PRO,110,,B,,,
469,GLN,GLN,111,,B,,,
470,ARG,ARG,112,,B,,11.0406085040405,0.5857142857142857
471,PHE,PHE,113,,B,,,
472,PRO,PRO,114,,B,,,
473,HIS,HIP,115,,B,,7.257488682996747,0.0
474,GLY,GLY,116,,B,,,
475,ILE,ILE,117,,B,,,
476,ARG,ARG,118,,B,,12.34423385268619,0.0
477,GLN,GLN,119,,B,,,
478,LEU,LEU,120,,B,,,
479,ALA,ALA,121,,B,,,
480,ASN,ASN,122,,B,,,
481,TYR,TYR,123,,B,,11.81861597642467,0.11785714285714285
482,VAL,VAL,124,,B,,,
483,HIS,HIE,125,,B,,6.6290536376314755,0.34285714285714286
484,SER,SER,126,,B,,,
485,LYS,LYS,127,,B,,10.332657478300051,0.0
486,GLY,GLY,128,,B,,,
487,LEU,LEU,129,,B,,,
488,LYS,LYS,130,,B,,10.424742379965895,0.3607142857142857
489,LEU,LEU,131,,B,,,
490,GLY,GLY,132,,B,,,
491,ILE,ILE,133,,B,,,
492,TYR,TYR,134,,B,,22.484732290551218,1.0
493,ALA,ALA,135,,B,,,
494,ASP,ASH,136,,B,,9.715445635595797,0.9642857142857143
495,VAL,VAL,137,,B,,,
496,GLY,GLY,138,,B,,,
497,ASN,ASN,139,,B,,,
498,LYS,LYS,140,,B,,10.496827506294995,0.0
499,THR,THR,141,,B,,,
500,CYS,CYX,142,,B,,99.99,0.0
501,ALA,ALA,143,,B,,,
502,GLY,GLY,144,,B,,,
503,PHE,PHE,145,,B,,,
504,PRO,PRO,146,,B,,,
505,GLY,GLY,147,,B,,,
506,SER,SER,148,,B,,,
507,PHE,PHE,149,,B,,,
508,GLY,GLY,150,,B,,,
509,TYR,TYR,151,,B,,10.04524423307611,0.0
510,TYR,TYR,152,,B,,13.586011227666619,0.7714285714285715
511,ASP,ASP,153,,B,,3.0998541534297472,0.08571428571428572
512,ILE,ILE,154,,B,,,
513,ASP,ASP,155,,B,,5.177845103835836,0.9071428571428571
514,ALA,ALA,156,,B,,,
515,GLN,GLN,157,,B,,,
516,THR,THR,158,,B,,,
517,PHE,PHE,159,,B,,,
518,ALA,ALA,160,,B,,,
519,ASP,ASP,161,,B,,3.463911229895887,0.08571428571428572
520,TRP,TRP,162,,B,,,
521,GLY,GLY,163,,B,,,
522,VAL,VAL,164,,B,,,
523,ASP,ASP,165,,B,,3.6015075756327035,0.6678571428571428
524,LEU,LEU,166,,B,,,
525,LEU,LEU,167,,B,,,
526,LYS,LYS,168,,B,,14.344274944388747,1.0
527,PHE,PHE,169,,B,,,
528,ASP,ASP,170,,B,,4.031359822076121,1.0
529,GLY,GLY,171,,B,,,
530,CYS,CYX,172,,B,,99.99,0.0
531,TYR,TYR,173,,B,,10.103923871770556,0.0
532,CYS,CYS,174,,B,,11.084062406047368,0.5964285714285714
533,ASP,ASP,175,,B,,4.733824317533255,0.0
534,SER,SER,176,,B,,,
535,LEU,LEU,177,,B,,,
536,GLU,GLU,178,,B,,5.362074832854008,0.0
537,ASN,ASN,179,,B,,,
538,LEU,LEU,180,,B,,,
539,ALA,ALA,181,,B,,,
540,ASP,ASP,182,,B,,4.115284054559795,0.24285714285714285
541,GLY,GLY,183,,B,,,
542,TYR,TYR,184,,B,,18.49329781809606,1.0
543,LYS,LYS,185,,B,,11.672168297304232,0.17857142857142858
544,HIS,HID,186,,B,,6.092705027960585,0.23214285714285715
545,MET,MET,187,,B,,,
546,SER,SER,188,,B,,,
547,LEU,LEU,189,,B,,,
548,ALA,ALA,190,,B,,,
549,LEU,LEU,191,,B,,,
550,ASN,ASN,192,,B,,,
551,ARG,ARG,193,,B,,13.30437121315001,0.0
552,THR,THR,194,,B,,,
553,GLY,GLY,195,,B,,,
554,ARG,ARG,196,,B,,12.692054226882949,0.30357142857142855
555,SER,SER,197,,B,,,
556,ILE,ILE,198,,B,,,
557,VAL,VAL,199,,B,,,
558,TYR,TYR,200,,B,,15.147873267861563,1.0
559,SER,SER,201,,B,,,
560,CYS,CYX,202,,B,,99.99,0.0
561,GLU,GLU,203,,B,,10.32261556210877,1.0
562,TRP,TRP,204,,B,,,
563,PRO,PRO,205,,B,,,
564,LEU,LEU,206,,B,,,
565,TYR,TYR,207,,B,,16.934345756781745,0.8035714285714286
566,MET,MET,208,,B,,,
567,TRP,TRP,209,,B,,,
568,PRO,PRO,210,,B,,,
569,PHE,PHE,211,,B,,,
570,GLN,GLN,212,,B,,,
571,LYS,LYS,213,,B,,10.040866231555183,0.0
572,PRO,PRO,214,,B,,,
573,SER,SER,215,,B,,,
574,TYR,TYR,216,,B,,12.995926096010328,0.9142857142857143
575,THR,THR,217,,B,,,
576,GLU,GLU,218,,B,,3.628690054991912,0.3392857142857143
577,ILE,ILE,219,,B,,,
578,ARG,ARG,220,,B,,11.028566786264772,0.55
579,GLN,GLN,221,,B,,,
580,TYR,TYR,222,,B,,10.458401290513349,0.2392857142857143
581,CYS,CYX,223,,B,,99.99,0.0
582,ASN,ASN,224,,B,,,
583,HIS,HIE,225,,B,,3.303752804746239,1.0
584,TRP,TRP,226,,B,,,
585,ARG,ARG,227,,B,,17.74975955044039,1.0
586,ASN,ASN,228,,B,,,
587,PHE,PHE,229,,B,,,
588,ALA,ALA,230,,B,,,
589,ASP,ASP,231,,B,,2.260783690916651,0.8321428571428572
590,ILE,ILE,232,,B,,,
591,ASP,ASP,233,,B,,5.54235169344595,0.6964285714285714
592,ASP,ASH,234,,B,,7.093927515117417,1.0
593,SER,SER,235,,B,,,
594,TRP,TRP,236,,B,,,
595,LYS,LYS,237,,B,,10.095775457056142,0.007142857142857143
596,SER,SER,238,,B,,,
597,ILE,ILE,239,,B,,,
598,LYS,LYS,240,,B,,10.526446648294112,0.6142857142857143
599,SER,SER,241,,B,,,
600,ILE,ILE,242,,B,,,
601,LEU,LEU,243,,B,,,
602,ASP,ASP,244,,B,,3.0150371306620003,0.45357142857142857
603,TRP,TRP,245,,B,,,
604,THR,THR,246,,B,,,
605,SER,SER,247,,B,,,
606,PHE,PHE,248,,B,,,
607,ASN,ASN,249,,B,,,
608,GLN,GLN,250,,B,,,
609,GLU,GLU,251,,B,,4.55170878105971,0.0
610,ARG,ARG,252,,B,,12.293014819813088,0.0
611,ILE,ILE,253,,B,,,
612,VAL,VAL,254,,B,,,
613,ASP,ASP,255,,B,,3.8806039559835845,0.09642857142857143
614,VAL,VAL,256,,B,,,
615,ALA,ALA,257,,B,,,
616,GLY,GLY,258,,B,,,
617,PRO,PRO,259,,B,,,
618,GLY,GLY,260,,B,,,
619,GLY,GLY,261,,B,,,
620,TRP,TRP,262,,B,,,
621,ASN,ASN,263,,B,,,
622,ASP,ASP,264,,B,,5.038898757808956,1.0
623,PRO,PRO,265,,B,,,
624,ASP,ASP,266,,B,,5.794963858200782,1.0
625,MET,MET,267,,B,,,
626,LEU,LEU,268,,B,,,
627,VAL,VAL,269,,B,,,
628,ILE,ILE,270,,B,,,
629,GLY,GLY,271,,B,,,
630,ASN,ASN,272,,B,,,
631,PHE,PHE,273,,B,,,
632,GLY,GLY,274,,B,,,
633,LEU,LEU,275,,B,,,
634,SER,SER,276,,B,,,
635,TRP,TRP,277,,B,,,
636,ASN,ASN,278,,B,,,
637,GLN,GLN,279,,B,,,
638,GLN,GLN,280,,B,,,
639,VAL,VAL,281,,B,,,
640,THR,THR,282,,B,,,
641,GLN,GLN,283,,B,,,
642,MET,MET,284,,B,,,
643,ALA,ALA,285,,B,,,
644,LEU,LEU,286,,B,,,
645,TRP,TRP,287,,B,,,
646,ALA,ALA,288,,B,,,
647,ILE,ILE,289,,B,,,
648,MET,MET,290,,B,,,
649,ALA,ALA,291,,B,,,
650,ALA,ALA,292,,B,,,
651,PRO,PRO,293,,B,,,
652,LEU,LEU,294,,B,,,
653,PHE,PHE,295,,B,,,
654,MET,MET,296,,B,,,
655,SER,SER,297,,B,,,
656,ASN,ASN,298,,B,,,
657,ASP,ASP,299,,B,,2.742643766506384,0.6785714285714286
658,LEU,LEU,300,,B,,,
659,ARG,ARG,301,,B,,14.151234918843556,0.5357142857142857
660,HIS,HID,302,,B,,6.154613704190503,0.18214285714285713
661,ILE,ILE,303,,B,,,
662,SER,SER,304,,B,,,
663,PRO,PRO,305,,B,,,
664,GLN,GLN,306,,B,,,
665,ALA,ALA,307,,B,,,
666,LYS,LYS,308,,B,,10.506539981968253,0.02142857142857143
667,ALA,ALA,309,,B,,,
668,LEU,LEU,310,,B,,,
669,LEU,LEU,311,,B,,,
670,GLN,GLN,312,,B,,,
671,ASP,ASP,313,,B,,5.272354317173448,0.5535714285714286
672,LYS,LYS,314,,B,,10.474559759068221,0.0
673,ASP,ASP,315,,B,,3.273354786674105,0.20714285714285716
674,VAL,VAL,316,,B,,,
675,ILE,ILE,317,,B,,,
676,ALA,ALA,318,,B,,,
677,ILE,ILE,319,,B,,,
678,ASN,ASN,320,,B,,,
679,GLN,GLN,321,,B,,,
680,ASP,ASP,322,,B,,3.552693918084306,0.38571428571428573
681,PRO,PRO,323,,B,,,
682,LEU,LEU,324,,B,,,
683,GLY,GLY,325,,B,,,
684,LYS,LYS,326,,B,,10.434058189742599,0.02142857142857143
685,GLN,GLN,327,,B,,,
686,GLY,GLY,328,,B,,,
687,TYR,TYR,329,,B,,13.42290067630009,0.5035714285714286
688,GLN,GLN,330,,B,,,
689,LEU,LEU,331,,B,,,
690,ARG,ARG,332,,B,,12.96141426331579,0.1357142857142857
691,GLN,GLN,333,,B,,,
692,GLY,GLY,334,,B,,,
693,ASP,ASP,335,,B,,3.709145345166966,0.03571428571428571
694,ASN,ASN,336,,B,,,
695,PHE,PHE,337,,B,,,
696,GLU,GLU,338,,B,,5.171958428600963,0.7964285714285714
697,VAL,VAL,339,,B,,,
698,TRP,TRP,340,,B,,,
699,GLU,GLU,341,,B,,5.574472989930912,0.7142857142857143
700,ARG,ARG,342,,B,,9.95925371905543,0.9285714285714286
701,PRO,PRO,343,,B,,,
702,LEU,LEU,344,,B,,,
703,SER,SER,345,,B,,,
704,GLY,GLY,346,,B,,,
705,LEU,LEU,347,,B,,,
706,ALA,ALA,348,,B,,,
707,TRP,TRP,349,,B,,,
708,ALA,ALA,350,,B,,,
709,VAL,VAL,351,,B,,,
710,ALA,ALA,352,,B,,,
711,MET,MET,353,,B,,,
712,ILE,ILE,354,,B,,,
713,ASN,ASN,355,,B,,,
714,ARG,ARG,356,,B,,14.294456279142405,0.6964285714285714
715,GLN,GLN,357,,B,,,
716,GLU,GLU,358,,B,,4.181639662856291,0.7964285714285714
717,ILE,ILE,359,,B,,,
718,GLY,GLY,360,,B,,,
719,GLY,GLY,361,,B,,,
720,PRO,PRO,362,,B,,,
721,ARG,ARG,363,,B,,11.123095034472177,0.45357142857142857
722,SER,SER,364,,B,,,
723,TYR,TYR,365,,B,,10.401722774549494,0.375
724,THR,THR,366,,B,,,
725,ILE,ILE,367,,B,,,
726,ALA,ALA,368,,B,,,
727,VAL,VAL,369,,B,,,
728,ALA,ALA,370,,B,,,
729,SER,SER,371,,B,,,
730,LEU,LEU,372,,B,,,
731,GLY,GLY,373,,B,,,
732,LYS,LYS,374,,B,,10.106709907598649,0.11428571428571428
733,GLY,GLY,375,,B,,,
734,VAL,VAL,376,,B,,,
735,ALA,ALA,377,,B,,,
736,CYS,CYX,378,,B,,99.99,0.0
737,ASN,ASN,379,,B,,,
738,PRO,PRO,380,,B,,,
739,ALA,ALA,381,,B,,,
740,CYS,CYX,382,,B,,99.99,0.0
741,PHE,PHE,383,,B,,,
742,ILE,ILE,384,,B,,,
743,THR,THR,385,,B,,,
744,GLN,GLN,386,,B,,,
745,LEU,LEU,387,,B,,,
746,LEU,LEU,388,,B,,,
747,PRO,PRO,389,,B,,,
748,VAL,VAL,390,,B,,,
749,LYS,LYS,391,,B,,11.43889049177707,0.0
750,ARG,ARG,392,,B,,12.244401323614236,0.0
751,LYS,LYS,393,,B,,10.33313911146007,0.0
752,LEU,LEU,394,,B,,,
753,GLY,GLY,395,,B,,,
754,PHE,PHE,396,,B,,,
755,TYR,TYR,397,,B,,10.749502482897684,0.26785714285714285
756,GLU,GLU,398,,B,,4.922662070575098,0.0
757,TRP,TRP,399,,B,,,
758,THR,THR,400,,B,,,
759,SER,SER,401,,B,,,
760,ARG,ARG,402,,B,,12.248953804544069,0.0
761,LEU,LEU,403,,B,,,
762,ARG,ARG,404,,B,,12.951910465970517,0.0
763,SER,SER,405,,B,,,
764,HIS,HID,406,,B,,5.763656763821135,0.37142857142857144
765,ILE,ILE,407,,B,,,
766,ASN,ASN,408,,B,,,
767,PRO,PRO,409,,B,,,
768,THR,THR,410,,B,,,
769,GLY,GLY,411,,B,,,
770,THR,THR,412,,B,,,
771,VAL,VAL,413,,B,,,
772,LEU,LEU,414,,B,,,
773,LEU,LEU,415,,B,,,
774,GLN,GLN,416,,B,,,
775,LEU,LEU,417,,B,,,
776,GLU,GLU,418,,B,,4.71480004602043,0.02142857142857143
777,ASN,ASN,419,,B,,,
778,THR,THR,420,,B,,,
779,MET,MET,421,,B,,,
780,GLN,GLN,422,,B,,,
781,NAG,NAG,2,,C,,,
782,NAG,NAG,3,,C,,,
783,MAN,MAN,4,,C,,,
784,MAN,MAN,5,,C,,,
785,MAN,MAN,6,,C,,,
786,NAG,NAG,2,,D,,,
787,NAG,NAG,3,,D,,,
788,MAN,MAN,4,,D,,,
789,MAN,MAN,5,,D,,,
790,MAN,MAN,6,,D,,,
791,NAG,NAG,2,,E,,,
792,NAG,NAG,3,,E,,,
793,MAN,MAN,4,,E,,,
794,MAN,MAN,5,,E,,,
795,MAN,MAN,6,,E,,,
796,NAG,NAG,2,,F,,,
797,NAG,NAG,3,,F,,,
798,MAN,MAN,4,,F,,,
799,MAN,MAN,5,,F,,,
800,MAN,MAN,6,,F,,,
801,NAG,NAG,2,,G,,,
802,NAG,NAG,3,,G,,,
803,MAN,MAN,4,,G,,,
804,MAN,MAN,5,,G,,,
805,MAN,MAN,6,,G,,,
806,NAG,NAG,2,,H,,,
807,NAG,NAG,3,,H,,,
808,MAN,MAN,4,,H,,,
809,MAN,MAN,5,,H,,,
810,MAN,MAN,6,,H,,,
